CREATED_AT,ID,MERCHANT_ID,CUSTOMER_ID,PRODUCT_ID,QUANTITY,CHANNEL,DEVICE,CAMPAIGN_TYPE,STATUS,GENERATED_AT,PRODUCT_CREATED_AT,PRODUCT_NAME,PRODUCT_ISBN,PRODUCT_BRAND_NAME,PRODUCT_BRAND_MANUFACTURER,PRODUCT_VENDOR_INFO,PRODUCT_CATEGORY,PRODUCT_GIFT_WRAPPABLE,PRODUCT_RETURN_POLICY_DAYS,PRODUCT_COUNTRY_OF_ORIGIN,PRODUCT_RATING_AVERAGE,PRODUCT_UNIT_PRICE,TOTAL_PRICE,CUSTOMER_CREATED_AT,CUSTOMER_NAME,CUSTOMER_STREET_ADDRESS,CUSTOMER_CITY,CUSTOMER_STATE,CUSTOMER_ZIPCODE,CUSTOMER_COUNTRY_CODE,MERCHANT_CREATED_AT,MERCHANT_NAME,MERCHANT_CONTACT_NAME,MERCHANT_CONTACT_EMAIL,MERCHANT_STREET_ADDRESS,MERCHANT_CITY,MERCHANT_STATE,MERCHANT_ZIPCODE,MERCHANT_COUNTRY,TRANSFORMED_AT,TRANSFORMED_AT_UTC
2023-06-05 04:03:36.928,4d291314-f80a-4cc8-8ae7-67af1d9eb4ca,49,575198,18532,2,REDDIT,MOBILE,ORGANIC,SHIPPED,2023-06-05 04:03:40.928,2017-05-26 20:54:32.015,Demigods &amp; Magicians (Hardcover) by rick Riordan,9781484732786,Readerlink,Readerlink,"[{""id"":""3094424"",""manufacturer_style"":""Disney"",""vendor_name"":""READERLINK DIST SVCS LLC""},{""id"":""1984790"",""manufacturer_style"":""9781484732786"",""vendor_name"":""Ingram Content Group""}]",Books,Y,30,US,0,41.64,83.28,2018-01-21 19:57:19.082,Andrea Bryant,706 Joseph Court Passage,Port Douglas,Alabama,55704,US,2020-10-16 13:35:49.679,Moore Group,William Perry,martinezjohn@example.net,77560 Hernandez Mountains Apt. 601 Shoal,West Martinland,Illinois,54139,US,2023-06-05 04:26:15.690,2023-06-04 21:26:15.690
2023-06-05 04:03:34.928,72370575-42dc-4f76-ad3e-6daa41db15a2,61,887655,11056,1,INSTAGRAM,MOBILE,ORGANIC,SHIPPED,2023-06-05 04:03:40.928,2019-05-21 08:00:17.015,Story of Arthur Truluv -  Reprint by Elizabeth Berg (Paperback),9781524798710,Random House,Random House,"[{""id"":""3094424"",""manufacturer_style"":""RANDOM HOUSE"",""vendor_name"":""READERLINK DIST SVCS LLC""},{""id"":""1984790"",""manufacturer_style"":""9781524798710"",""vendor_name"":""Ingram Content Group""}]",Books,Y,30,US,0,77.03,77.03,2018-04-23 08:07:54.082,Ronnie Roach,2451 Lee Hollow Suite 489 Shores,West Angelaland,Illinois,29026,US,2019-12-29 23:33:39.679,Garcia-Thompson,Madison Diaz,lewisjustin@example.net,947 Marilyn Mall Apt. 504 Village,Bradleyport,Wisconsin,82930,US,2023-06-05 04:26:15.690,2023-06-04 21:26:15.690
2023-06-05 04:03:22.928,086e76d0-a879-4f92-8dd1-877ea57be291,96,1080111,12368,1,LINKEDIN,MOBILE,PAID,SHIPPED,2023-06-05 04:03:40.928,2019-01-16 15:20:37.015,The Bones of You - by Debbie Howells,9780786039142,Readerlink,Readerlink,"[{""id"":""1258738"",""manufacturer_style"":""9780786039142"",""vendor_name"":""BAKER AND TAYLOR""},{""id"":""3094424"",""manufacturer_style"":""Kensington"",""vendor_name"":""READERLINK DIST SVCS LLC""},{""id"":""1984790"",""manufacturer_style"":""9780786039142"",""vendor_name"":""Ingram Content Group""}]",Books,Y,30,US,0,53.28,53.28,2017-08-26 11:12:04.082,Frank Jones,9547 Randy Springs Brooks,New Amber,Montana,45223,US,2019-08-04 21:12:54.679,"James, Klein and Robinson",Marissa Cortez,ntaylor@example.com,035 Jeffrey Knoll Parks,Annettetown,New Jersey,69629,US,2023-06-05 04:26:15.690,2023-06-04 21:26:15.690
2023-06-05 04:03:18.928,86fb2209-f81f-4171-9e3c-d1a19d8f2a9d,68,389956,5753,5,DIRECT,DESKTOP,ORGANIC,SHIPPED,2023-06-05 04:03:40.928,2020-10-24 20:32:52.015,Find Her (Reprint) (Paperback) (Lisa Gardner),9780451477163,Readerlink,Readerlink,"[{""id"":""3094424"",""manufacturer_style"":""Penguin"",""vendor_name"":""READERLINK DIST SVCS LLC""},{""id"":""1984790"",""manufacturer_style"":""9780451477163"",""vendor_name"":""Ingram Content Group""}]",Books,Y,30,US,5,81.7,408.5,2019-05-07 07:10:34.082,Robert Gray,91981 Kristy Fork Suite 807 Passage,West Deanna,Illinois,28121,US,2019-04-30 01:37:34.679,Sexton Group,Kathy Figueroa,dlewis@example.net,9141 Lee Well Cliffs,Derrickport,North Dakota,83094,US,2023-06-05 04:26:15.690,2023-06-04 21:26:15.690
2023-06-05 04:03:18.928,6a8066ce-4802-4250-85be-f1a2ef70254c,59,509095,13281,5,REDDIT,MOBILE,PAID,SHIPPED,2023-06-05 04:03:40.928,2018-10-19 13:19:02.015,Let's Just Say It Wasn't Pretty (Hardcover) by Diane Keaton,9780812994261,Random House,Random House,"[{""id"":""3094424"",""manufacturer_style"":""RH"",""vendor_name"":""READERLINK DIST SVCS LLC""},{""id"":""1984790"",""manufacturer_style"":""9780812994261"",""vendor_name"":""Ingram Content Group""}]",Books,Y,30,US,0,68.84,344.2,2020-09-22 01:28:54.082,Terry Navarro,5534 Smith Extensions Bypass,North Belinda,Wyoming,37613,US,2022-02-22 07:25:54.679,Davis LLC,Christopher Butler,johnny02@example.net,28264 Garcia Common Apt. 296 Ports,Stephanieshire,Pennsylvania,46794,US,2023-06-05 04:26:15.690,2023-06-04 21:26:15.690
2023-06-05 04:03:12.928,5471341e-35e5-417b-9ed8-e48a91378322,43,802005,200,4,TWITTER,TABLET,ORGANIC,SHIPPED,2023-06-05 04:03:40.928,2022-04-10 14:05:17.015,Llama Loses a Tooth L2 (Paperback) - by Anna Dewdney,9781524785024,Penguin,Penguin,"[{""id"":""3094424"",""manufacturer_style"":""Penguin"",""vendor_name"":""READERLINK DIST SVCS LLC""},{""id"":""1984790"",""manufacturer_style"":""9781524785024"",""vendor_name"":""Ingram Content Group""}]",Books,Y,30,US,0,33.59,134.36,2017-07-09 11:48:44.082,Steven Burgess,644 Haley Crossroad Suite 202 Hollow,Salazarville,Hawaii,24353,US,2020-07-19 21:06:54.679,"White, Ortiz and Gibson",Kyle Chavez,ffuller@example.com,7019 Morales Point Circles,Leeton,Oklahoma,51584,US,2023-06-05 04:26:15.690,2023-06-04 21:26:15.690
2023-06-05 04:03:10.928,e51f9e90-b049-4ce1-8ca7-fd8e0afdb500,81,609281,9511,5,SNAPCHAT,TABLET,ORGANIC,SHIPPED,2023-06-05 04:03:40.928,2019-10-16 20:40:57.015,Man You'll Marry : The First Man You Meet -  by Debbie Macomber (Paperback),9780778368717,Readerlink,Readerlink,"[{""id"":""1258738"",""manufacturer_style"":""9780778368717"",""vendor_name"":""BAKER AND TAYLOR""},{""id"":""3094424"",""manufacturer_style"":""HARLEQUIN"",""vendor_name"":""READERLINK DIST SVCS LLC""},{""id"":""1984790"",""manufacturer_style"":""9780778368717"",""vendor_name"":""Ingram Content Group""}]",Books,Y,30,US,0,54.91,274.55,2018-04-12 00:40:19.082,Alicia Burns,913 Clark Skyway Summit,New Timothy,Missouri,14913,US,2017-06-30 13:45:24.679,"Hess, Mccoy and Sanford",Amanda Atkinson,penningtonchristopher@example.com,7803 Tamara Fall Rue,Amandaside,Delaware,37848,US,2023-06-05 04:26:15.690,2023-06-04 21:26:15.690
2023-06-05 04:03:08.928,bb6b4d90-0a8c-4082-b60d-5400e480efac,53,327510,17708,2,SNAPCHAT,MOBILE,PARTNERSHIP,SHIPPED,2023-06-05 04:03:40.928,2017-08-12 22:09:12.015,The Vitamix Cookbook: 250 Delicious Whole Food Recipes to Make in Your Blender (Hardcover) (Jodi Berg),9780062407207,Readerlink,Readerlink,"[{""id"":""3094424"",""manufacturer_style"":""William Morrow"",""vendor_name"":""READERLINK DIST SVCS LLC""},{""id"":""1984790"",""manufacturer_style"":""9780062407207"",""vendor_name"":""Ingram Content Group""}]",Books,Y,30,US,0,84.09,168.18,2021-09-08 22:27:44.082,Derek Combs,5916 Washington Manor Apt. 096 Lakes,Carlshire,Florida,60386,US,2020-03-02 01:11:34.679,Johnson Inc,Julie Guzman,vwaters@example.net,786 Daniel Throughway Suite 040 Run,Dixonmouth,Wisconsin,87825,US,2023-06-05 04:26:15.690,2023-06-04 21:26:15.690
2023-06-05 04:03:08.928,b8771d77-6f5b-458f-8e63-44904e9fd801,12,285005,17924,3,DIRECT,TABLET,ORGANIC,SHIPPED,2023-06-05 04:03:40.928,2017-07-25 00:22:47.015,A Million Dogs - (Million Creatures to Color) by Lulu Mayo (Paperback),9781454710110,Readerlink,Readerlink,"[{""id"":""3094424"",""manufacturer_style"":""Sterling"",""vendor_name"":""READERLINK DIST SVCS LLC""},{""id"":""1984790"",""manufacturer_style"":""9781454710110"",""vendor_name"":""Ingram Content Group""}]",Books,Y,30,US,0,75.68,227.04,2021-08-19 12:46:44.082,Beth Michael,6033 Darren Wells Forest,New Tyler,New Hampshire,68080,US,2020-04-01 06:57:29.679,Vasquez PLC,Linda Boyd,samuelhorn@example.net,5331 Michael Rue Suite 913 Islands,Wongstad,Ohio,06941,US,2023-06-05 04:26:15.690,2023-06-04 21:26:15.690
2023-06-05 04:03:02.928,283590c0-36c6-4a22-b3e0-76f7d95fac38,59,1711862,681,5,DIRECT,TABLET,ORGANIC,SHIPPED,2023-06-05 04:03:40.928,2022-02-27 09:38:57.015,Sisters of Summer's End -  by Lori Foster (Paperback),9781335468321,Readerlink,Readerlink,"[{""id"":""3094424"",""manufacturer_style"":""9781335468321"",""vendor_name"":""READERLINK DIST SVCS LLC""},{""id"":""1984790"",""manufacturer_style"":""9781335468321"",""vendor_name"":""Ingram Content Group""}]",Books,Y,30,US,0,51.85,259.25,2017-07-25 18:39:14.082,William Bailey,8173 Walker Garden Apt. 843 Walks,New Tylerbury,Rhode Island,27760,US,2022-02-22 07:25:54.679,Davis LLC,Christopher Butler,johnny02@example.net,28264 Garcia Common Apt. 296 Ports,Stephanieshire,Pennsylvania,46794,US,2023-06-05 04:26:15.690,2023-06-04 21:26:15.690
2023-06-05 04:02:54.928,61b45400-e7f3-49fb-bfb5-1531036b48b5,4,1349732,18270,3,DIRECT,MOBILE,ORGANIC,SHIPPED,2023-06-05 04:03:40.928,2017-06-21 14:36:07.015,The Socialite - by J&amp;#39;Nell Ciesielski (Paperback),9780785233527,Harper Collins,Harper Collins,"[{""id"":""3094424"",""manufacturer_style"":""HARPER COLLINS"",""vendor_name"":""READERLINK DIST SVCS LLC""},{""id"":""1984790"",""manufacturer_style"":""9780785233527"",""vendor_name"":""Ingram Content Group""}]",Books,Y,30,US,4.5,95.17,285.51,2022-01-22 04:00:44.082,Jason Casey,914 Ramirez Crescent Burg,Adrianaport,South Carolina,60063,US,2017-08-19 22:24:19.679,"Davis, Harris and Perez",Stephen Harris,howelllydia@example.net,8287 Chapman Causeway Walk,Poncefurt,New Mexico,32775,US,2023-06-05 04:26:15.690,2023-06-04 21:26:15.690
2023-06-05 04:02:48.928,a01976a0-a705-4f89-aae1-63908c086bff,32,332842,18686,2,FACEBOOK,MOBILE,PARTNERSHIP,SHIPPED,2023-06-05 04:03:40.928,2017-05-14 01:51:12.015,Magic : The Gathering: Rise of the Gatewatch: a Visual History -  by Wizards of the Coast (Hardcover),9781419736476,Readerlink,Readerlink,"[{""id"":""3094424"",""manufacturer_style"":""Abrams"",""vendor_name"":""READERLINK DIST SVCS LLC""},{""id"":""1984790"",""manufacturer_style"":""9781419736476"",""vendor_name"":""Ingram Content Group""}]",Books,Y,30,US,0,93.48,186.96,2020-10-26 09:15:49.082,Dr. Sydney Ruiz,306 Pamela Street Apt. 591 Crest,Hernandezburgh,New Jersey,23344,US,2020-03-27 01:12:19.679,Guzman-Rogers,Alexander Campbell,campbellvictor@example.com,7993 Tammy Center Crossroad,Tylerburgh,Tennessee,78844,US,2023-06-05 04:26:15.690,2023-06-04 21:26:15.690
2023-06-05 04:02:04.928,426519f4-7444-4ab4-9316-dfa1d732e87e,48,593789,5506,4,FACEBOOK,TABLET,ORGANIC,SHIPPED,2023-06-05 04:03:40.928,2020-11-18 11:40:07.015,Shaken : Fighting to Stand Strong No Matter What Comes Your Way: Young Reader&amp;#39;s Edition - by Tim Tebow (Hardcover),9780735289963,Readerlink,Readerlink,"[{""id"":""3094424"",""manufacturer_style"":""RH"",""vendor_name"":""READERLINK DIST SVCS LLC""},{""id"":""1984790"",""manufacturer_style"":""9780735289963"",""vendor_name"":""Ingram Content Group""}]",Books,Y,30,US,0,99.96,399.84,2019-05-29 15:56:29.082,Nichole Johnson,6435 Burns Viaduct Light,South Kevin,Indiana,20763,US,2019-06-21 14:04:24.679,"Maynard, Thompson and Cook",Brendan Wilson,tinacrawford@example.com,03993 Samantha Brook Gateway,Landryfort,Missouri,45963,US,2023-06-05 04:26:15.690,2023-06-04 21:26:15.690
2023-06-05 04:02:00.928,56d8cfb0-8c42-4590-b9e3-5602c358eba3,68,555008,11751,2,LINKEDIN,TABLET,ORGANIC,SHIPPED,2023-06-05 04:03:40.928,2019-03-18 05:38:37.015,Dog Is Love - by  Clive D L Wynne (Hardcover),9781328543967,Readerlink,Readerlink,"[{""id"":""3094424"",""manufacturer_style"":""HMH"",""vendor_name"":""READERLINK DIST SVCS LLC""},{""id"":""1984790"",""manufacturer_style"":""9781328543967"",""vendor_name"":""Ingram Content Group""}]",Books,Y,30,US,0,5.79,11.58,2018-06-03 20:48:54.082,Kristine Brooks,3574 Wells Place Apt. 723 Stravenue,Melissachester,New Hampshire,05108,US,2019-04-30 01:37:34.679,Sexton Group,Kathy Figueroa,dlewis@example.net,9141 Lee Well Cliffs,Derrickport,North Dakota,83094,US,2023-06-05 04:26:15.690,2023-06-04 21:26:15.690
2023-06-05 04:01:56.928,26e4f893-698d-4abd-9127-777a5245aa0f,54,1062846,17124,5,INSTAGRAM,MOBILE,ORGANIC,SHIPPED,2023-06-05 04:03:40.928,2017-10-07 20:36:47.015,I Am Not a Chair! (School And Library) (Ross Burach),9780062360168,Readerlink,Readerlink,"[{""id"":""3094424"",""manufacturer_style"":""Harper"",""vendor_name"":""READERLINK DIST SVCS LLC""},{""id"":""1984790"",""manufacturer_style"":""9780062360168"",""vendor_name"":""Ingram Content Group""}]",Books,Y,30,US,0,4.19,20.95,2017-11-13 07:04:14.082,Daniel Sanders,17404 Harrison Spurs Forks,Baileyburgh,Illinois,07643,US,2019-07-26 13:31:04.679,"Mclean, Armstrong and Flores",Nicole Avila,sandersjessica@example.com,71232 Ryan Avenue Apt. 438 Land,West Patriciaport,Tennessee,28603,US,2023-06-05 04:26:15.690,2023-06-04 21:26:15.690
2023-06-05 04:01:24.928,26bc9912-f23a-49f5-9055-90fe5edc2765,19,199173,15894,4,FACEBOOK,DESKTOP,PARTNERSHIP,SHIPPED,2023-06-05 04:03:40.928,2018-02-03 21:26:42.015,Happy! (Hardcover) by Pharrell Williams,9780399176432,Readerlink,Readerlink,"[{""id"":""3094424"",""manufacturer_style"":""Penguin"",""vendor_name"":""READERLINK DIST SVCS LLC""},{""id"":""1984790"",""manufacturer_style"":""9780399176432"",""vendor_name"":""Ingram Content Group""}]",Books,Y,30,US,0,5.18,20.72,2022-01-23 02:40:44.082,Luke Rodgers,30114 Johnson Stream Fields,Jasonberg,Mississippi,60646,US,2019-03-04 14:25:59.679,Browning-Lyons,Amanda Anderson,velezamy@example.org,93388 Vaughan Roads Suite 831 Isle,Rodriguezmouth,Massachusetts,26722,US,2023-06-05 04:26:15.690,2023-06-04 21:26:15.690
2023-06-05 04:00:52.928,12d19b67-54e5-47d1-91fa-0bd13274123d,86,1134633,11191,1,LINKEDIN,DESKTOP,ORGANIC,SHIPPED,2023-06-05 04:03:40.928,2019-05-09 05:06:07.015,Disney Raya and the Last Dragon Ultimate Sticker Book (Paperback),9781465498038,Dorling Kindersley,Dorling Kindersley,"[{""id"":""3094424"",""manufacturer_style"":""DK"",""vendor_name"":""READERLINK DIST SVCS LLC""},{""id"":""1984790"",""manufacturer_style"":""9781465498038"",""vendor_name"":""Ingram Content Group""}]",Books,Y,30,US,2.5,33.14,33.14,2021-01-19 06:28:49.082,David Mclaughlin,919 Samantha Lodge Loaf,Randallfort,Vermont,71691,US,2021-04-24 04:59:24.679,"Murray, Cruz and Gray",Scott Roman,ojarvis@example.com,890 Timothy Gardens Lock,Lake Sherri,Pennsylvania,93035,US,2023-06-05 04:26:15.690,2023-06-04 21:26:15.690
2023-06-05 04:00:50.928,55f489db-c5d5-49d5-b671-953932768244,6,58188,11583,4,DIRECT,DESKTOP,PARTNERSHIP,SHIPPED,2023-06-05 04:03:40.928,2019-04-03 01:39:17.015,"Icing on the Snowflake (Diary of an Ice Princess #6), Volume 6 - by Christina Soontornvat (Paperback)",9781338607505,Readerlink,Readerlink,"[{""id"":""3094424"",""manufacturer_style"":""Scholastic"",""vendor_name"":""READERLINK DIST SVCS LLC""},{""id"":""1984790"",""manufacturer_style"":""9781338607505"",""vendor_name"":""Ingram Content Group""}]",Books,Y,30,US,0,52.92,211.68,2020-02-14 10:43:19.082,Ryan Dunn,832 Chung Islands Spur,Stevenburgh,Maryland,19643,US,2020-10-17 17:39:19.679,Morris-Roberson,Adam Stewart,heatherward@example.com,5678 Randy Station Apt. 463 Tunnel,Kimberlyburgh,Alabama,61729,US,2023-06-05 04:26:15.690,2023-06-04 21:26:15.690
2023-06-05 04:00:38.928,03a963fb-0f1e-4271-af82-9d8a37166b2f,40,112348,9782,4,GOOGLE,TABLET,PARTNERSHIP,SHIPPED,2023-06-05 04:03:40.928,2019-09-22 05:09:42.015,The Friendship List - by Susan Mallery (Hardcover),9781335136961,Readerlink,Readerlink,"[{""id"":""3094424"",""manufacturer_style"":""HARLEQUIN"",""vendor_name"":""READERLINK DIST SVCS LLC""},{""id"":""1984790"",""manufacturer_style"":""9781335136961"",""vendor_name"":""Ingram Content Group""}]",Books,Y,30,US,4.64,66.19,264.76,2019-09-20 02:32:34.082,Jonathan Arroyo,248 Mccarty Well Apt. 444 Lodge,West Erika,Indiana,12558,US,2018-08-04 17:24:39.679,Carter Group,Justin Long,fmurray@example.org,8406 Young Pines Drive,Mirandafurt,Wyoming,40976,US,2023-06-05 04:26:15.690,2023-06-04 21:26:15.690
2023-06-05 04:00:12.928,7e2c0f1e-0473-4a54-8553-98fac24851e0,49,1764850,6739,1,SNAPCHAT,DESKTOP,PARTNERSHIP,SHIPPED,2023-06-05 04:03:40.928,2020-07-20 04:53:22.015,Who Says You Can't?  You Do by Daniel Chidiac (Paperback),9780525573616,Readerlink,Readerlink,"[{""id"":""3094424"",""manufacturer_style"":""Random House"",""vendor_name"":""READERLINK DIST SVCS LLC""},{""id"":""1984790"",""manufacturer_style"":""9780525573616"",""vendor_name"":""Ingram Content Group""}]",Books,Y,30,US,5,1.19,1.19,2017-11-05 18:13:24.082,Cindy Phelps,916 Flores Place Street,South Wayneberg,Wyoming,23883,US,2020-10-16 13:35:49.679,Moore Group,William Perry,martinezjohn@example.net,77560 Hernandez Mountains Apt. 601 Shoal,West Martinland,Illinois,54139,US,2023-06-05 04:26:15.690,2023-06-04 21:26:15.690
2023-06-05 03:59:58.928,4a9ca3f0-722a-482e-84f0-421417f0a30c,10,53614,15421,3,DIRECT,DESKTOP,ORGANIC,SHIPPED,2023-06-05 04:03:40.928,2018-03-25 00:11:02.015,Warriors Super Edition: Yellowfang's Secret (Hardcover) by Erin Hunter,9780062082145,Levy,Levy,"[{""id"":""3094424"",""manufacturer_style"":""Harper"",""vendor_name"":""READERLINK DIST SVCS LLC""},{""id"":""1984790"",""manufacturer_style"":""9780062082145"",""vendor_name"":""Ingram Content Group""}]",Books,Y,30,US,5,50.11,150.33,2018-05-15 00:38:09.082,Eric Jackson,847 Shelton Creek Wall,West Melissaville,Mississippi,83312,US,2017-10-16 11:06:14.679,Graham-Sandoval,Thomas Lopez,qnelson@example.org,047 James Creek Apt. 122 Stravenue,Port Adamport,Wisconsin,54977,US,2023-06-05 04:26:15.690,2023-06-04 21:26:15.690
2023-06-05 03:59:48.928,6a9ef919-d3e9-4e4c-bab0-afd6189a30db,19,1540147,12659,2,GOOGLE,TABLET,PARTNERSHIP,SHIPPED,2023-06-05 04:03:40.928,2018-12-21 06:14:42.015,Girlboss Workbook : An Interactive Journal for Winning at Life (Paperback) (Sophia Amoruso),9780143131977,Readerlink,Readerlink,"[{""id"":""3094424"",""manufacturer_style"":""Penguin"",""vendor_name"":""READERLINK DIST SVCS LLC""},{""id"":""1984790"",""manufacturer_style"":""9780143131977"",""vendor_name"":""Ingram Content Group""}]",Books,Y,30,US,0,30.87,61.74,2019-07-08 13:10:04.082,Stephen Clayton,144 Summers Stravenue Apt. 745 Ramp,East Michael,Kentucky,11346,US,2019-03-04 14:25:59.679,Browning-Lyons,Amanda Anderson,velezamy@example.org,93388 Vaughan Roads Suite 831 Isle,Rodriguezmouth,Massachusetts,26722,US,2023-06-05 04:26:15.690,2023-06-04 21:26:15.690
2023-06-05 03:59:44.928,28e33619-21df-4fa4-abc7-e0a7c6a09e48,43,536576,15481,1,TWITTER,MOBILE,PARTNERSHIP,SHIPPED,2023-06-05 04:03:40.928,2018-03-18 02:45:12.015,Story of Moana : A Tale of Courage and Adventure: Includes Tattoos (Hardcover) - by Kari Sutherland,9781484743584,Disney,Disney,"[{""id"":""3094424"",""manufacturer_style"":""Disney"",""vendor_name"":""READERLINK DIST SVCS LLC""},{""id"":""1984790"",""manufacturer_style"":""9781484743584"",""vendor_name"":""Ingram Content Group""}]",Books,Y,30,US,0,81.42,81.42,2021-05-22 22:16:19.082,Olivia Thomas,583 Andrea Vista Suite 753 Fords,East Tina,Louisiana,66611,US,2020-07-19 21:06:54.679,"White, Ortiz and Gibson",Kyle Chavez,ffuller@example.com,7019 Morales Point Circles,Leeton,Oklahoma,51584,US,2023-06-05 04:26:15.690,2023-06-04 21:26:15.690
2023-06-05 03:59:44.928,feb1f0cf-b774-4db0-bf37-6e2b5a7767df,55,1620171,1440,1,DIRECT,DESKTOP,ORGANIC,SHIPPED,2023-06-05 04:03:40.928,2021-12-19 21:54:27.015,Last Mrs. Parish - by LIV Constantine (Paperback),9780062667588,Harper Collins,Harper Collins,"[{""id"":""3094424"",""manufacturer_style"":""Harper Collins"",""vendor_name"":""READERLINK DIST SVCS LLC""},{""id"":""1984790"",""manufacturer_style"":""9780062667588"",""vendor_name"":""Ingram Content Group""}]",Books,Y,30,US,4.78,1.07,1.07,2017-05-07 19:02:24.082,Shannon Vargas,71321 Cindy Viaduct Suite 461 Glen,Gilesfurt,Hawaii,89608,US,2021-10-21 12:54:29.679,Ross LLC,Tina Ortiz,randy52@example.com,093 Johnny Pike Suite 373 Unions,South Diane,New Mexico,25768,US,2023-06-05 04:26:15.690,2023-06-04 21:26:15.690
2023-06-05 03:59:42.928,96b1a2e0-eb9b-4174-8cfa-5055dcbaa3c3,96,1926734,16276,3,REDDIT,MOBILE,PARTNERSHIP,SHIPPED,2023-06-05 04:03:40.928,2017-12-28 19:33:32.015,"Summer and the City ( Carrie Diaries) (Media Tie In, Reprint) (Paperback) by Candace Bushnell",9780062236869,Levy,Levy,"[{""id"":""3094424"",""manufacturer_style"":""Harper"",""vendor_name"":""READERLINK DIST SVCS LLC""},{""id"":""1984790"",""manufacturer_style"":""9780062236869"",""vendor_name"":""Ingram Content Group""}]",Books,Y,30,US,0,64.83,194.49,2020-09-02 15:48:04.082,Bryan Wells,9783 Brown Oval Suite 893 Skyway,South John,Kentucky,73496,US,2019-08-04 21:12:54.679,"James, Klein and Robinson",Marissa Cortez,ntaylor@example.com,035 Jeffrey Knoll Parks,Annettetown,New Jersey,69629,US,2023-06-05 04:26:15.690,2023-06-04 21:26:15.690
2023-06-05 03:59:20.928,5486d887-703d-478e-8311-4389e9090783,52,1370505,12110,5,TWITTER,DESKTOP,PARTNERSHIP,SHIPPED,2023-06-05 04:03:40.928,2019-02-12 14:02:57.015,"Blank Journal 3.5""x 5.5"" Black - Moleskine",9788883701054,Moleskine,Moleskine,"[{""id"":""1254211"",""manufacturer_style"":""8883701054"",""vendor_name"":""HACHETTE BOOK GROUP USA""},{""id"":""1998050"",""manufacturer_style"":""8883701054"",""vendor_name"":""Moleskine America Inc.""}]",Notebooks and Journals,Y,90,CN,3.5,80.24,401.2,2019-04-03 01:18:49.082,Mr. Shawn Morris,6942 Davis Mountains Fort,Stanleyborough,Tennessee,89805,US,2019-10-30 06:51:14.679,"Eaton, Kim and Nelson",Craig Marquez,joshuaoliver@example.org,251 Poole Valleys Streets,Lake Thomas,Tennessee,94985,US,2023-06-05 04:26:15.690,2023-06-04 21:26:15.690
2023-06-05 03:59:08.928,b36077d6-6c02-4a4f-bf2c-cf65d95d590e,5,864823,1580,1,GOOGLE,DESKTOP,PAID,SHIPPED,2023-06-05 04:03:40.928,2021-12-05 18:14:32.015,The Sea of Tranquility (Reprint) (Paperback) by Katja Millay,9781476730943,Simon &amp; Schuster,Simon &amp; Schuster,"[{""id"":""3094424"",""manufacturer_style"":""Simon"",""vendor_name"":""READERLINK DIST SVCS LLC""},{""id"":""1984790"",""manufacturer_style"":""9781476730943"",""vendor_name"":""Ingram Content Group""}]",Books,Y,30,US,0,31.33,31.33,2021-02-03 22:03:19.082,Monica Skinner,6692 Tonya Spurs Station,Douglasstad,Michigan,21753,US,2020-04-06 14:03:19.679,"Hart, Bailey and Fernandez",Christopher Mcfarland,justinhayes@example.org,58656 Christine Mountain Suite 276 Greens,Lake Kurt,West Virginia,77711,US,2023-06-05 04:26:15.690,2023-06-04 21:26:15.690
2023-06-05 03:59:02.928,d35b5e8f-4d99-4181-a658-d8b4b962885e,51,1117067,3955,4,FACEBOOK,TABLET,PARTNERSHIP,SHIPPED,2023-06-05 04:03:40.928,2021-04-15 10:06:52.015,Disney Book TBD #1 - (Search and Find) (Hardcover) - by Star Wars,9780794444105,Readerlink,Readerlink,"[{""id"":""3094424"",""manufacturer_style"":""Studio Fun"",""vendor_name"":""READERLINK DIST SVCS LLC""},{""id"":""1984790"",""manufacturer_style"":""9780794444105"",""vendor_name"":""Ingram Content Group""}]",Books,Y,30,US,5,77.66,310.64,2018-07-06 07:24:29.082,Amy Huffman,87547 Edwards Path Apt. 253 Club,Michaelmouth,West Virginia,80091,US,2018-08-07 11:34:09.679,"Roberts, Jones and Jordan",Joshua Harmon,gtaylor@example.net,6785 Scott Mountain Forest,Mariahaven,Arkansas,46605,US,2023-06-05 04:26:15.690,2023-06-04 21:26:15.690
2023-06-05 03:58:44.928,c1d97546-4f9f-46cb-a378-cce460318aee,46,1661173,8753,5,TIKTOK,MOBILE,ORGANIC,SHIPPED,2023-06-05 04:03:40.928,2019-12-27 13:31:27.015,Tears We Cannot Stop : A Sermon to White America - by Michael Eric Dyson (Hardcover),9781250135995,Levy,Levy,"[{""id"":""3094424"",""manufacturer_style"":""Macmillan"",""vendor_name"":""READERLINK DIST SVCS LLC""},{""id"":""1984790"",""manufacturer_style"":""9781250135995"",""vendor_name"":""Ingram Content Group""}]",Books,Y,30,US,5,49.76,248.8,2022-01-18 03:37:29.082,Joseph Whitaker,229 Bridges Cliffs Knoll,North Heatherfurt,Pennsylvania,02440,US,2021-03-03 06:39:24.679,Tate-Perry,Michele White,carrie18@example.org,72507 Christopher Ranch Apt. 022 Avenue,New Deanna,Wisconsin,38393,US,2023-06-05 04:26:15.690,2023-06-04 21:26:15.690
2023-06-05 03:58:42.928,4d35e103-3d3f-41a1-8110-089c3ad837af,60,626377,8072,5,TIKTOK,DESKTOP,PARTNERSHIP,SHIPPED,2023-06-05 04:03:40.928,2020-03-02 09:42:02.015,"Thank You, Teacher from the Very Hungry Caterpillar - by  Eric Carle (Hardcover)",9780593226186,Readerlink,Readerlink,"[{""id"":""3094424"",""manufacturer_style"":""PENGUIN PRESS"",""vendor_name"":""READERLINK DIST SVCS LLC""},{""id"":""1984790"",""manufacturer_style"":""9780593226186"",""vendor_name"":""Ingram Content Group""}]",Books,Y,30,US,0,4.63,23.15,2018-12-18 11:26:39.082,Brandon Sloan PhD,0762 Carlos Club Lock,West Stephenshire,Texas,21429,US,2019-02-28 23:02:39.679,Leon-Green,Lori Noble,burtonrodney@example.org,1094 Matthew Mountains Cove,Port Joshuaborough,Ohio,85967,US,2023-06-05 04:26:15.690,2023-06-04 21:26:15.690
2023-06-05 03:58:36.928,01dd290e-a809-4fff-abf2-c76b95bce111,26,753066,6958,3,TWITTER,DESKTOP,ORGANIC,SHIPPED,2023-06-05 04:03:40.928,2020-06-27 19:13:22.015,The Liberty Amendments: Restoring the American Republic - by Mark R. Levin (Hardcover),9781451606324,Levy,Levy,"[{""id"":""3094424"",""manufacturer_style"":""Simon"",""vendor_name"":""READERLINK DIST SVCS LLC""},{""id"":""1984790"",""manufacturer_style"":""9781451606324"",""vendor_name"":""Ingram Content Group""}]",Books,Y,30,US,5,44.8,134.4,2020-11-19 05:45:04.082,Laura Cole,777 White Locks Apt. 258 Turnpike,West Tiffanyburgh,California,37929,US,2020-07-01 07:53:09.679,Hodges-Smith,Michael Ingram,ssmith@example.org,18485 Cathy Viaduct Crossing,Lisaview,North Carolina,78656,US,2023-06-05 04:26:15.690,2023-06-04 21:26:15.690
2023-06-05 03:58:32.928,ea721619-4a66-46f2-89bf-23468c93df87,36,245355,15041,1,GOOGLE,TABLET,PAID,SHIPPED,2023-06-05 04:03:40.928,2018-05-01 22:32:47.015,El Golazo de Pedro (Pedro En Espanol) - by Fran Manushkin (Paperback),9781515825197,Capstone,Capstone,"[{""id"":""3094424"",""manufacturer_style"":""Capstone"",""vendor_name"":""READERLINK DIST SVCS LLC""},{""id"":""1984790"",""manufacturer_style"":""9781515825197"",""vendor_name"":""Ingram Content Group""}]",Books,Y,30,US,0,92.95,92.95,2019-11-15 21:59:24.082,Nicholas Callahan,3602 Williams Crossroad Suite 244 Inlet,Watkinsside,North Carolina,51774,US,2021-11-18 14:59:49.679,Rojas-Johnson,Christina Gordon,courtney36@example.net,38430 Damon Dam Mountains,Garymouth,Michigan,93549,US,2023-06-05 04:26:15.690,2023-06-04 21:26:15.690
2023-06-05 03:58:16.928,0aa2a0ac-c8f0-4207-ab2e-5b442d1a3c53,79,1946138,9923,3,FACEBOOK,MOBILE,PARTNERSHIP,SHIPPED,2023-06-05 04:03:40.928,2019-09-09 10:01:22.015,Clean Getaway - by Nic Stone (Hardcover),9781984892973,Readerlink,Readerlink,"[{""id"":""3094424"",""manufacturer_style"":""RH"",""vendor_name"":""READERLINK DIST SVCS LLC""},{""id"":""1984790"",""manufacturer_style"":""9781984892973"",""vendor_name"":""Ingram Content Group""}]",Books,Y,30,US,0,62.3,186.9,2019-04-14 06:59:19.082,Michael Moore,014 Sanders Spur Lake,West Melissa,Wisconsin,10143,US,2022-03-26 07:47:04.679,Roberts Inc,Joshua Henderson,petersrobert@example.com,73974 Stephanie Fort Suite 374 Streets,Millershire,Virginia,31832,US,2023-06-05 04:26:15.690,2023-06-04 21:26:15.690
2023-06-05 03:58:04.928,3ed475db-4a2b-427e-b677-45eb643e22c0,23,125363,9476,4,DIRECT,TABLET,PARTNERSHIP,SHIPPED,2023-06-05 04:03:40.928,2019-10-19 11:41:12.015,Lawrence Township Revisited - (Images of America) by Lawrence Historical Society (Paperback),9780738598147,Arcadia Publishing,Arcadia Publishing,"[{""id"":""1974890"",""manufacturer_style"":""9780738598147"",""vendor_name"":""Park City Group""},{""id"":""1984790"",""manufacturer_style"":""9780738598147"",""vendor_name"":""Ingram Content Group""}]",Books,Y,30,US,0,40.64,162.56,2021-05-29 15:30:59.082,Jennifer Bullock,41612 Charles Forges Keys,North Logan,Oklahoma,44909,US,2018-11-06 05:50:09.679,Johnson-Hill,Dr. Matthew Roth,ykirby@example.com,678 Roger Forks Manor,Aliciaside,Texas,39698,US,2023-06-05 04:26:15.690,2023-06-04 21:26:15.690
2023-06-05 03:57:58.928,59904682-6c1b-4a42-ac1c-87ee44560a3f,8,211065,8217,4,FACEBOOK,DESKTOP,ORGANIC,SHIPPED,2023-06-05 04:03:40.928,2020-02-18 13:44:47.015,Peppa and the Big Train - by Eone (Hardcover),9781338054200,Readerlink,Readerlink,"[{""id"":""3094424"",""manufacturer_style"":""Scholastic"",""vendor_name"":""READERLINK DIST SVCS LLC""},{""id"":""1984790"",""manufacturer_style"":""9781338054200"",""vendor_name"":""Ingram Content Group""}]",Books,Y,30,US,5,99.35,397.4,2018-12-16 16:34:54.082,Jessica Chase,715 Gregory Pines Skyway,Aaronmouth,West Virginia,16159,US,2021-05-10 01:17:44.679,Brewer-Wright,Steven Mata,qdean@example.net,387 Caleb Throughway Apt. 752 Cape,Buckleyview,West Virginia,61776,US,2023-06-05 04:26:15.690,2023-06-04 21:26:15.690
2023-06-05 03:57:48.928,9c371c55-1b10-4dfc-b6d1-9e66cb202581,83,1260101,9902,5,GOOGLE,TABLET,PARTNERSHIP,SHIPPED,2023-06-05 04:03:40.928,2019-09-11 15:15:22.015,HURRICANE HEROES IN TEXAS (MTH30) (Hardcover) - by Mary Pope Osborne,9781524713126,Random House,Random House,"[{""id"":""1984790"",""manufacturer_style"":""9781524713126"",""vendor_name"":""Ingram Content Group""},{""id"":""3929382"",""manufacturer_style"":""1524713120"",""vendor_name"":""PENGUIN RANDOM HOUSE LLC""}]",Books,Y,30,US,0,39.55,197.75,2022-02-05 06:52:24.082,Jennifer Reeves,17738 Claire Gardens Apt. 198 Wall,Michelleland,New Hampshire,99820,US,2019-03-14 13:37:44.679,Flores-Miller,Kenneth Baldwin,keith39@example.com,7752 Kaitlin Extensions Apt. 442 Key,Fieldston,Michigan,71279,US,2023-06-05 04:26:15.690,2023-06-04 21:26:15.690
2023-06-05 03:57:22.928,ab319bf4-836a-41e1-a1f9-3c1b6ed2985f,75,1426272,17390,3,TIKTOK,DESKTOP,ORGANIC,SHIPPED,2023-06-05 04:03:40.928,2017-09-12 14:53:57.015,"Dungeons &amp;#38; Dragons Monster Manual (Core Rulebook, D&amp;#38;d Roleplaying Game) - 5 Edition (Hardcover)",9780786965618,Readerlink,Readerlink,"[{""id"":""3094424"",""manufacturer_style"":""Random House"",""vendor_name"":""READERLINK DIST SVCS LLC""},{""id"":""1984790"",""manufacturer_style"":""9780786965618"",""vendor_name"":""Ingram Content Group""}]",Books,Y,30,US,5,37.64,112.92,2021-05-20 04:09:09.082,Tara Walker,162 Lori Way Suite 385 Union,South Sarah,Utah,47286,US,2019-01-18 09:20:19.679,Lopez Inc,Christine Brown,davidjacobs@example.net,2414 James Motorway Apt. 636 Square,Lake Meghantown,Virginia,10699,US,2023-06-05 04:26:15.690,2023-06-04 21:26:15.690
2023-06-05 03:57:18.928,490a092d-2d7c-467c-b557-bff66257e20f,40,1737767,8798,3,REDDIT,TABLET,PAID,SHIPPED,2023-06-05 04:03:40.928,2019-12-22 22:40:42.015,Welcome Little One by Sandra Magsamen (Board Book),9781492632641,Sourcebooks,Sourcebooks,"[{""id"":""3094424"",""manufacturer_style"":""Sourcebooks"",""vendor_name"":""READERLINK DIST SVCS LLC""},{""id"":""1984790"",""manufacturer_style"":""9781492632641"",""vendor_name"":""Ingram Content Group""}]",Books,Y,30,US,4.63,14.06,42.18,2017-08-12 03:53:14.082,Mariah Kelley,17196 Lee Crossroad Way,Lake Jonathan,Mississippi,30846,US,2018-08-04 17:24:39.679,Carter Group,Justin Long,fmurray@example.org,8406 Young Pines Drive,Mirandafurt,Wyoming,40976,US,2023-06-05 04:26:15.690,2023-06-04 21:26:15.690
2023-06-05 03:57:06.928,9d7a2ce8-78cf-4ac4-9324-8b791beb82d2,59,242969,15980,1,LINKEDIN,MOBILE,PAID,SHIPPED,2023-06-05 04:03:40.928,2018-01-27 21:02:27.015,Slow Dancing at Sunrise -  (Rendezvous Falls) by Jo McNally (Paperback),9781335006776,Readerlink,Readerlink,"[{""id"":""3094424"",""manufacturer_style"":""Harlequin"",""vendor_name"":""READERLINK DIST SVCS LLC""},{""id"":""1984790"",""manufacturer_style"":""9781335006776"",""vendor_name"":""Ingram Content Group""}]",Books,Y,30,US,0,18.52,18.52,2021-12-15 18:49:59.082,Monica Lane,7891 Robert Ford Summit,Daleborough,Montana,31269,US,2022-02-22 07:25:54.679,Davis LLC,Christopher Butler,johnny02@example.net,28264 Garcia Common Apt. 296 Ports,Stephanieshire,Pennsylvania,46794,US,2023-06-05 04:26:15.690,2023-06-04 21:26:15.690
2023-06-05 03:56:58.928,176a4b09-901f-4c69-b022-434ce72f7f31,90,1172868,56,4,TWITTER,DESKTOP,ORGANIC,SHIPPED,2023-06-05 04:03:40.928,2022-04-25 12:54:32.015,Hark! A Shark - by Bonnie Worth (Hardcover),9780375870736,Random House,Random House,"[{""id"":""3929382"",""manufacturer_style"":""0375870733"",""vendor_name"":""PENGUIN RANDOM HOUSE LLC""},{""id"":""1984790"",""manufacturer_style"":""9780375870736"",""vendor_name"":""Ingram Content Group""}]",Books,Y,30,US,5,13.19,52.76,2020-01-05 06:48:19.082,Dustin Frazier,4500 Wood Wells Suite 152 Path,Howeside,Oregon,48784,US,2018-03-31 21:04:49.679,Lewis-Ho,Tristan Simmons,lbowman@example.com,00424 Tony Ramp Apt. 316 Inlet,Danielleville,Louisiana,41988,US,2023-06-05 04:26:15.690,2023-06-04 21:26:15.690
2023-06-05 03:56:48.928,b15059a3-4219-4e6a-8c95-178780e06906,92,245592,18291,5,SNAPCHAT,MOBILE,PAID,SHIPPED,2023-06-05 04:03:40.928,2017-06-19 12:35:07.015,Gardening Lab for Kids: 52 Fun Experiments by Renata Fossen Brown (Paperback) by Renata Fossen Brown,9781592539048,Levy,Levy,"[{""id"":""1984790"",""manufacturer_style"":""9781592539048"",""vendor_name"":""Ingram Content Group""}]",Books,Y,30,US,0,17.49,87.45,2021-02-02 21:30:39.082,Alexander Dunlap,694 Jonathan Place Suite 888 Lake,Ronaldburgh,New Jersey,44577,US,2019-08-21 00:35:14.679,"Lopez, Oconnell and Roberts",Makayla Allen,khill@example.com,27756 Barry Roads Stream,Kelseychester,Vermont,90367,US,2023-06-05 04:26:15.690,2023-06-04 21:26:15.690
2023-06-05 03:56:46.928,45369fd4-28b4-43fe-b752-56f8a78dde2d,11,1201385,10620,4,INSTAGRAM,MOBILE,PAID,SHIPPED,2023-06-05 04:03:40.928,2019-07-01 22:03:27.015,Every Cowgirl Needs Dancing Boots ( Every Cowgirl) (Hardcover) by Rebecca Janni,9780525423416,Penguin,Penguin,"[{""id"":""3094424"",""manufacturer_style"":""PENGUIN"",""vendor_name"":""READERLINK DIST SVCS LLC""},{""id"":""1984790"",""manufacturer_style"":""9780525423416"",""vendor_name"":""Ingram Content Group""}]",Books,Y,30,US,0,52.84,211.36,2020-01-23 01:11:39.082,James Hayden,2689 Victoria Ridge Drives,Kennethmouth,Colorado,38903,US,2019-10-02 20:21:54.679,"Estes, Aguilar and Levine",Thomas Zavala,cbrown@example.org,8333 Andrea Oval Square,Dianafort,South Dakota,70257,US,2023-06-05 04:26:15.690,2023-06-04 21:26:15.690
2023-06-05 03:56:38.928,f40d7478-074a-4b7c-a425-477acd687315,62,1418679,2306,4,DIRECT,DESKTOP,PAID,SHIPPED,2023-06-05 04:03:40.928,2021-09-22 00:29:32.015,Uma&amp;#39;s Wicked Book : For Villain Kids (Descendants 2) - by Disney (Hardcover),9781368024327,Readerlink,Readerlink,"[{""id"":""3094424"",""manufacturer_style"":""Disney"",""vendor_name"":""READERLINK DIST SVCS LLC""},{""id"":""1984790"",""manufacturer_style"":""9781368024327"",""vendor_name"":""Ingram Content Group""}]",Books,Y,30,US,5,60.68,242.72,2020-09-29 03:10:24.082,Kevin Marsh,323 Brown Plains Apt. 870 Villages,Lambertport,Arizona,91880,US,2018-12-25 16:49:24.679,Miller PLC,Mark Peterson,hicksanthony@example.org,8112 April Bypass Suite 689 Station,Pamelaburgh,Texas,67794,US,2023-06-05 04:26:15.690,2023-06-04 21:26:15.690
2023-06-05 03:56:34.928,3bab548e-a1d9-4e67-abb4-3b986a93bf5e,42,1163077,7648,2,INSTAGRAM,TABLET,PAID,SHIPPED,2023-06-05 04:03:40.928,2020-04-13 14:21:27.015,Never Play Dead : How the Truth Makes You Unstoppable -  by Tomi Lahren (Hardcover),9780062881946,Readerlink,Readerlink,"[{""id"":""3094424"",""manufacturer_style"":""Harper Collins"",""vendor_name"":""READERLINK DIST SVCS LLC""},{""id"":""1984790"",""manufacturer_style"":""9780062881946"",""vendor_name"":""Ingram Content Group""}]",Books,Y,30,US,1,73.79,147.58,2018-08-20 18:59:34.082,Jean Bonilla,1297 Janet Crescent Point,East Danielside,Alaska,46146,US,2021-11-10 15:04:54.679,"Fernandez, Fox and Small",Jasmine Herrera DVM,davisashley@example.com,46805 Roger Views Suite 978 Mall,Kellyfort,New Mexico,30661,US,2023-06-05 04:26:15.690,2023-06-04 21:26:15.690
2023-06-05 03:56:22.928,9576e118-feaf-4a50-887a-6b466e07f065,58,22443,1761,2,REDDIT,DESKTOP,PAID,SHIPPED,2023-06-05 04:03:40.928,2021-11-15 09:13:02.015,Insidious (Reprint) (Paperback) (Catherine Coulter),9781501150302,Readerlink,Readerlink,"[{""id"":""3094424"",""manufacturer_style"":""Simon &amp; Schuster"",""vendor_name"":""READERLINK DIST SVCS LLC""},{""id"":""1984790"",""manufacturer_style"":""9781501150302"",""vendor_name"":""Ingram Content Group""}]",Books,Y,30,US,0,99.77,199.54,2021-06-21 06:38:14.082,Amanda Villegas,69782 Vincent Points Courts,North Elijahberg,North Carolina,92836,US,2020-10-30 05:30:29.679,Black LLC,Karen Sparks,cervanteskimberly@example.org,43474 Jennifer Row Apt. 436 Lane,South Lindsay,Louisiana,67654,US,2023-06-05 04:26:15.690,2023-06-04 21:26:15.690
2023-06-05 03:56:18.928,fe837989-af75-41dd-b0d9-dca37f8f0b58,57,905599,11480,4,TIKTOK,TABLET,ORGANIC,SHIPPED,2023-06-05 04:03:40.928,2019-04-13 07:05:32.015,The Silver Palate Cookbook (Anniversary) (Paperback) by Sheila Lukins,9780761145974,Workman,Workman,"[{""id"":""3094424"",""manufacturer_style"":""WORKMAN"",""vendor_name"":""READERLINK DIST SVCS LLC""},{""id"":""1984790"",""manufacturer_style"":""9780761145974"",""vendor_name"":""Ingram Content Group""}]",Books,Y,30,US,0,76.39,305.56,2017-07-17 22:34:44.082,Michelle Sutton,98640 Rivera Parkways Apt. 156 Light,Pottertown,Colorado,60189,US,2020-04-17 12:09:44.679,Lopez PLC,Jennifer Lawson,taylorjohn@example.net,24879 Tyler Burg Suite 515 Wall,North Gregoryville,Indiana,04103,US,2023-06-05 04:26:15.690,2023-06-04 21:26:15.690
2023-06-05 03:56:14.928,841e7bcb-2cc7-45ee-9aa7-20c48dd33bf0,23,523879,606,1,GOOGLE,TABLET,PARTNERSHIP,SHIPPED,2023-06-05 04:03:40.928,2022-03-05 08:21:02.015,Suzanna &amp; Megan ( The Calhoun Women) (Paperback) by Nora Roberts,9780373281886,Readerlink,Readerlink,"[{""id"":""3094424"",""manufacturer_style"":""Harlequin"",""vendor_name"":""READERLINK DIST SVCS LLC""},{""id"":""1984790"",""manufacturer_style"":""9780373281886"",""vendor_name"":""Ingram Content Group""}]",Books,Y,30,US,0,57.69,57.69,2019-07-20 02:26:44.082,Paul Davidson,991 Gutierrez Drives Suite 966 Plaza,Timothyfort,Mississippi,21480,US,2018-11-06 05:50:09.679,Johnson-Hill,Dr. Matthew Roth,ykirby@example.com,678 Roger Forks Manor,Aliciaside,Texas,39698,US,2023-06-05 04:26:15.690,2023-06-04 21:26:15.690
2023-06-05 03:56:02.928,73587276-e342-4b90-8d94-b91a7f77cbed,48,593801,11215,4,FACEBOOK,TABLET,PARTNERSHIP,SHIPPED,2023-06-05 04:03:40.928,2019-05-06 20:15:52.015,500 Days (Reprint) (Paperback) by Kurt Eichenwald,9781451669398,Levy,Levy,"[{""id"":""3094424"",""manufacturer_style"":""Simon"",""vendor_name"":""READERLINK DIST SVCS LLC""},{""id"":""1984790"",""manufacturer_style"":""9781451669398"",""vendor_name"":""Ingram Content Group""}]",Books,Y,30,US,0,51.97,207.88,2021-04-15 14:16:49.082,Mr. William Burgess MD,966 Philip Ridges Apt. 813 Fords,North Joseph,California,51223,US,2019-06-21 14:04:24.679,"Maynard, Thompson and Cook",Brendan Wilson,tinacrawford@example.com,03993 Samantha Brook Gateway,Landryfort,Missouri,45963,US,2023-06-05 04:26:15.690,2023-06-04 21:26:15.690
2023-06-05 03:56:00.928,049701c2-2faf-445a-ba1d-6c5155f5f909,7,178096,13240,5,FACEBOOK,DESKTOP,ORGANIC,SHIPPED,2023-06-05 04:03:40.928,2018-10-23 15:27:57.015,Something She&amp;#39;s Not Telling Us - by  Darcey Bell (Paperback),9780062953933,Readerlink,Readerlink,"[{""id"":""3094424"",""manufacturer_style"":""Harper Collins"",""vendor_name"":""READERLINK DIST SVCS LLC""},{""id"":""1984790"",""manufacturer_style"":""9780062953933"",""vendor_name"":""Ingram Content Group""}]",Books,Y,30,US,0,97.72,488.6,2022-01-28 19:18:49.082,Michelle Garrison,20972 Francis Plaza Suite 194 Roads,Hendersonmouth,Missouri,83407,US,2018-01-07 00:08:39.679,"Nichols, Johnson and Moyer",James Wright,michellegonzalez@example.com,421 Marshall Bridge Hills,East Brandon,Connecticut,74727,US,2023-06-05 04:26:15.690,2023-06-04 21:26:15.690
2023-06-05 03:55:50.928,396464aa-d5f2-43cf-b123-28ccadfa9584,35,1500475,10243,1,INSTAGRAM,MOBILE,PAID,SHIPPED,2023-06-05 04:03:40.928,2019-08-07 03:07:12.015,Pete the Cat Goes Camping -  (I Can Read. Level 1) by James Dean (Paperback),9780062675293,Readerlink,Readerlink,"[{""id"":""3094424"",""manufacturer_style"":""Harper Collins"",""vendor_name"":""READERLINK DIST SVCS LLC""},{""id"":""1984790"",""manufacturer_style"":""9780062675293"",""vendor_name"":""Ingram Content Group""}]",Books,Y,30,US,0,51.07,51.07,2018-12-03 21:05:24.082,Sandra Gordon,9123 Watson Branch Suite 400 Turnpike,Travistown,Connecticut,44923,US,2020-10-25 22:06:49.679,Willis-Barron,Karina Mcdonald,reynoldsryan@example.org,1394 Simon Course Stravenue,Patriciabury,Idaho,15052,US,2023-06-05 04:26:15.690,2023-06-04 21:26:15.690
2023-06-05 03:55:24.928,3d6ed1ae-403a-48b2-b78e-29ae8cce9b51,83,250821,16879,5,FACEBOOK,MOBILE,PARTNERSHIP,SHIPPED,2023-06-05 04:03:40.928,2017-10-30 16:31:57.015,Star Wars : Absolutely Everything You Need to Know (Hardcover) - by Adam Bray &amp;#38; Kerrie Dougherty &amp;#38; Cole Horton &amp;#38; Michael Kogge,9781465455635,Star Wars,Star Wars,"[{""id"":""1258738"",""manufacturer_style"":""9781465455635"",""vendor_name"":""BAKER AND TAYLOR""},{""id"":""3094424"",""manufacturer_style"":""DK"",""vendor_name"":""READERLINK DIST SVCS LLC""},{""id"":""1984790"",""manufacturer_style"":""9781465455635"",""vendor_name"":""Ingram Content Group""}]",Books,Y,30,US,0,20.06,100.3,2022-02-25 05:45:14.082,Brandy Reese,940 Powell Dale Extension,Kimville,Massachusetts,59065,US,2019-03-14 13:37:44.679,Flores-Miller,Kenneth Baldwin,keith39@example.com,7752 Kaitlin Extensions Apt. 442 Key,Fieldston,Michigan,71279,US,2023-06-05 04:26:15.690,2023-06-04 21:26:15.690
2023-06-05 03:55:18.928,56f7f4dc-5cd5-4833-9f01-df31f9ca9f8a,96,1103797,5151,1,SNAPCHAT,DESKTOP,PAID,SHIPPED,2023-06-05 04:03:40.928,2020-12-21 09:08:07.015,"Get Off Your Iphone Now! : Fascinating Trivia, Amazing Facts, and Fun Activities to Free You from Your - by Kate Freeman (Paperback)",9781631583681,Readerlink,Readerlink,"[{""id"":""3094424"",""manufacturer_style"":""Simon &amp; Schuster"",""vendor_name"":""READERLINK DIST SVCS LLC""},{""id"":""1984790"",""manufacturer_style"":""9781631583681"",""vendor_name"":""Ingram Content Group""}]",Books,Y,30,US,0,41.28,41.28,2021-01-02 00:27:54.082,Whitney Trujillo,792 Miller Road Prairie,Normabury,Florida,92003,US,2019-08-04 21:12:54.679,"James, Klein and Robinson",Marissa Cortez,ntaylor@example.com,035 Jeffrey Knoll Parks,Annettetown,New Jersey,69629,US,2023-06-05 04:26:15.690,2023-06-04 21:26:15.690
2023-06-05 03:55:12.928,d132e1af-fb1f-42a7-b5f9-21b00b8bd964,20,1472491,14356,1,DIRECT,DESKTOP,PARTNERSHIP,SHIPPED,2023-06-05 04:03:40.928,2018-07-05 10:58:22.015,Million Little Pieces ( Oprah's Book Club) (Paperback) by James Frey,9780307276902,Random House,Random House,"[{""id"":""3094424"",""manufacturer_style"":""RANDOM"",""vendor_name"":""READERLINK DIST SVCS LLC""},{""id"":""1984790"",""manufacturer_style"":""9780307276902"",""vendor_name"":""Ingram Content Group""}]",Books,Y,30,US,0,2.29,2.29,2019-01-12 12:48:34.082,Erin Pham,1157 Sandy Vista Apt. 350 Common,Jonesfort,Missouri,96322,US,2018-09-21 16:58:59.679,Roberts and Sons,Lisa Reese,pjohnson@example.net,605 Debbie Valleys Suite 619 Village,Hernandezport,Maryland,39290,US,2023-06-05 04:26:15.690,2023-06-04 21:26:15.690
2023-06-05 03:55:06.928,309c637d-f35b-48e9-b8d0-bdbb7c519b1a,90,1279636,11267,2,FACEBOOK,TABLET,ORGANIC,SHIPPED,2023-06-05 04:03:40.928,2019-05-02 19:35:07.015,Notorious Pleasures -  Reprint (6a Romance Gold (Parade)) by Elizabeth Hoyt (Paperback),9781538760086,Readerlink,Readerlink,"[{""id"":""1258738"",""manufacturer_style"":""9781538760086"",""vendor_name"":""BAKER AND TAYLOR""},{""id"":""3094424"",""manufacturer_style"":""Hachette"",""vendor_name"":""READERLINK DIST SVCS LLC""},{""id"":""1984790"",""manufacturer_style"":""9781538760086"",""vendor_name"":""Ingram Content Group""}]",Books,Y,30,US,0,35.68,71.36,2018-10-14 12:33:19.082,Edgar Riley,87509 Murphy Station Points,East Mikeport,West Virginia,84306,US,2018-03-31 21:04:49.679,Lewis-Ho,Tristan Simmons,lbowman@example.com,00424 Tony Ramp Apt. 316 Inlet,Danielleville,Louisiana,41988,US,2023-06-05 04:26:15.690,2023-06-04 21:26:15.690
2023-06-05 03:55:04.928,e0883602-51a2-48e4-95fb-54aa2de525b6,69,1441418,6394,5,DIRECT,MOBILE,ORGANIC,SHIPPED,2023-06-05 04:03:40.928,2020-08-20 21:27:32.015,Protector by Jodi Ellen Malpas (Paperback),9781455568192,Readerlink,Readerlink,"[{""id"":""3094424"",""manufacturer_style"":""9781455568192"",""vendor_name"":""READERLINK DIST SVCS LLC""},{""id"":""1984790"",""manufacturer_style"":""9781455568192"",""vendor_name"":""Ingram Content Group""}]",Books,Y,30,US,3,83.28,416.4,2018-12-12 18:15:19.082,Cindy Brown,0063 Natalie Corner Suite 128 Isle,Port Jodiburgh,Pennsylvania,01456,US,2018-11-09 12:19:14.679,Roberts Inc,Aaron Ramirez,tamarajacobs@example.com,270 Walker Island Springs,South Katrinatown,Mississippi,45926,US,2023-06-05 04:26:15.690,2023-06-04 21:26:15.690
2023-06-05 03:55:04.928,c47c414b-d861-4d5e-99de-452ff8545f28,31,289822,9475,1,TWITTER,DESKTOP,PAID,SHIPPED,2023-06-05 04:03:40.928,2019-10-19 12:37:57.015,Long Bright River - Target Book Club Exclusive by Liz Moore (Paperback),9780593332504,Readerlink,Readerlink,"[{""id"":""3094424"",""manufacturer_style"":""Penguin"",""vendor_name"":""READERLINK DIST SVCS LLC""},{""id"":""1984790"",""manufacturer_style"":""9780593332504"",""vendor_name"":""Ingram Content Group""}]",Books,Y,30,US,0,11.78,11.78,2020-06-03 13:47:49.082,Bonnie Krause,0043 Bond Mountain Apt. 996 Hollow,Shepherdmouth,New York,74525,US,2020-05-07 17:24:14.679,"Roy, Moore and Robinson",Andrew Henderson,scottmikayla@example.net,03976 Brandon Course Orchard,Jonathanfort,Connecticut,35898,US,2023-06-05 04:26:15.690,2023-06-04 21:26:15.690
2023-06-05 03:55:00.928,ae873031-5ca8-44e6-bfb8-c867f10f577c,99,1171789,4297,3,DIRECT,MOBILE,PARTNERSHIP,SHIPPED,2023-06-05 04:03:40.928,2021-03-13 07:50:57.015,Break Out! (Hardcover) by Joel Osteen,9780892969746,Levy,Levy,"[{""id"":""3094424"",""manufacturer_style"":""HACHETTE"",""vendor_name"":""READERLINK DIST SVCS LLC""},{""id"":""1984790"",""manufacturer_style"":""9780892969746"",""vendor_name"":""Ingram Content Group""}]",Books,Y,30,US,5,41.71,125.13,2021-02-28 10:38:44.082,Tyler Gill,331 Higgins Burgs Station,Johnsontown,New Hampshire,10481,US,2019-01-27 03:09:34.679,Cole-Harding,David Hall,megan73@example.com,8942 Harding Cape Apt. 768 Locks,Julieside,Texas,65527,US,2023-06-05 04:26:15.690,2023-06-04 21:26:15.690
2023-06-05 03:54:58.928,287d43e7-e008-4a33-bcc6-e15e6d92f1c2,70,1491753,7485,1,TIKTOK,MOBILE,PAID,SHIPPED,2023-06-05 04:03:40.928,2020-05-01 01:18:37.015,Barnyard Bottoms : A Silly Seek-and-find Book! -  BRDBK by Roger Priddy (Hardcover),9780312529338,Readerlink,Readerlink,"[{""id"":""3094424"",""manufacturer_style"":""Macmillan"",""vendor_name"":""READERLINK DIST SVCS LLC""},{""id"":""1258738"",""manufacturer_style"":""9780312529338"",""vendor_name"":""BAKER AND TAYLOR""},{""id"":""1984790"",""manufacturer_style"":""9780312529338"",""vendor_name"":""Ingram Content Group""}]",Books,Y,30,US,0,43.08,43.08,2018-10-08 20:02:34.082,Kimberly Perkins,6724 Brandi Radial View,Sheilastad,Utah,10999,US,2021-08-25 14:24:04.679,Pearson-Holmes,John Ward,uproctor@example.org,5038 Solomon Parks Apt. 737 Grove,South Luisfort,Iowa,30054,US,2023-06-05 04:26:15.690,2023-06-04 21:26:15.690
2023-06-05 03:54:52.928,4228f4da-22eb-4228-bb59-c2359d0ed094,70,1522468,17983,3,LINKEDIN,MOBILE,PAID,SHIPPED,2023-06-05 04:03:40.928,2017-07-19 19:46:17.015,Lexington 3pc Patio Sectional Sofa with Cushions - Spa - TK Classics,7427013445865,TK Classics,TK Classics,"[{""id"":""1993829"",""manufacturer_style"":""LEXINGTON-03C-SPA"",""vendor_name"":""TK Classics""}]",Patio Sofas,N,90,CN,0,95.11,285.33,2017-05-19 17:46:34.082,Michelle Brown,568 Holmes Crossroad Suite 181 Trail,Youngberg,Louisiana,88444,US,2021-08-25 14:24:04.679,Pearson-Holmes,John Ward,uproctor@example.org,5038 Solomon Parks Apt. 737 Grove,South Luisfort,Iowa,30054,US,2023-06-05 04:26:15.690,2023-06-04 21:26:15.690
2023-06-05 03:54:48.928,29ff6a9d-3294-4bd6-8a86-677787038d6c,7,1795862,16986,4,TWITTER,DESKTOP,PAID,SHIPPED,2023-06-05 04:03:40.928,2017-10-21 05:26:12.015,Home Again: A Novel (Paperback) by Kristin Hannah,9780345530820,Levy,Levy,"[{""id"":""3094424"",""manufacturer_style"":""RH"",""vendor_name"":""READERLINK DIST SVCS LLC""},{""id"":""1984790"",""manufacturer_style"":""9780345530820"",""vendor_name"":""Ingram Content Group""}]",Books,Y,30,US,0,27.05,108.2,2021-04-18 02:45:39.082,Debra May,44988 Kelly Course Apt. 148 Turnpike,Lake Joe,Alabama,75375,US,2018-01-07 00:08:39.679,"Nichols, Johnson and Moyer",James Wright,michellegonzalez@example.com,421 Marshall Bridge Hills,East Brandon,Connecticut,74727,US,2023-06-05 04:26:15.690,2023-06-04 21:26:15.690
2023-06-05 03:54:28.928,17647b07-9187-427c-8604-4dc96ca01b56,23,1162299,3127,2,LINKEDIN,MOBILE,ORGANIC,SHIPPED,2023-06-05 04:03:40.928,2021-07-03 19:37:32.015,Sisterhood Everlasting ( The Sisterhood of the Traveling Pants) (Reprint) (Paperback) by Ann Brashares,9780385521239,Levy,Levy,"[{""id"":""3094424"",""manufacturer_style"":""RH"",""vendor_name"":""READERLINK DIST SVCS LLC""},{""id"":""1984790"",""manufacturer_style"":""9780385521239"",""vendor_name"":""Ingram Content Group""}]",Books,Y,30,US,0,0.52,1.04,2021-12-23 01:19:24.082,David Farmer,5682 Zachary Harbors Common,Cherylshire,Georgia,01118,US,2018-11-06 05:50:09.679,Johnson-Hill,Dr. Matthew Roth,ykirby@example.com,678 Roger Forks Manor,Aliciaside,Texas,39698,US,2023-06-05 04:26:15.690,2023-06-04 21:26:15.690
2023-06-05 03:54:22.928,90880575-fe76-44c1-9d57-4e8da0e87fc2,92,1343835,13290,4,INSTAGRAM,MOBILE,PARTNERSHIP,SHIPPED,2023-06-05 04:03:40.928,2018-10-18 18:26:07.015,Marvel Avengers Mad Libs -  (Mad Libs) by Paul Kupperberg (Paperback),9780399539503,Readerlink,Readerlink,"[{""id"":""3094424"",""manufacturer_style"":""Penguin"",""vendor_name"":""READERLINK DIST SVCS LLC""},{""id"":""1984790"",""manufacturer_style"":""9780399539503"",""vendor_name"":""Ingram Content Group""}]",Books,Y,30,US,0,86.52,346.08,2019-11-28 11:02:49.082,Matthew Cook,87454 Lewis Stravenue Apt. 675 Fort,Lake Holly,Ohio,91287,US,2019-08-21 00:35:14.679,"Lopez, Oconnell and Roberts",Makayla Allen,khill@example.com,27756 Barry Roads Stream,Kelseychester,Vermont,90367,US,2023-06-05 04:26:15.690,2023-06-04 21:26:15.690
2023-06-05 03:54:06.928,0e69a1c3-43ed-49ae-a7d1-efc036052911,83,1451581,2528,5,DIRECT,MOBILE,ORGANIC,SHIPPED,2023-06-05 04:03:40.928,2021-08-31 14:27:57.015,Love -  (Emma Dodd's Love You Books) (Hardcover),9780763699413,Readerlink,Readerlink,"[{""id"":""3094424"",""manufacturer_style"":""Candlewick"",""vendor_name"":""READERLINK DIST SVCS LLC""},{""id"":""1984790"",""manufacturer_style"":""9780763699413"",""vendor_name"":""Ingram Content Group""}]",Books,Y,30,US,3,1.02,5.1,2020-05-10 08:40:19.082,Dakota Maldonado,62460 Nicholas Dam Fields,Lake Ericaborough,Wisconsin,60639,US,2019-03-14 13:37:44.679,Flores-Miller,Kenneth Baldwin,keith39@example.com,7752 Kaitlin Extensions Apt. 442 Key,Fieldston,Michigan,71279,US,2023-06-05 04:26:15.690,2023-06-04 21:26:15.690
2023-06-05 03:54:04.928,016b0806-8afa-4693-bf30-d6f4b4f197c5,100,517824,13103,4,TWITTER,MOBILE,ORGANIC,SHIPPED,2023-06-05 04:03:40.928,2018-11-06 07:37:37.015,"Silent Corner: A Novel of Suspense, The 10/31/2017 - by Dean Koontz (Paperback)",9780345546791,Readerlink,Readerlink,"[{""id"":""3094424"",""manufacturer_style"":""RANDOM HOUSE"",""vendor_name"":""READERLINK DIST SVCS LLC""},{""id"":""1984790"",""manufacturer_style"":""9780345546791"",""vendor_name"":""Ingram Content Group""}]",Books,Y,30,US,0,98.9,395.6,2021-12-20 04:57:39.082,Shelby Marshall,7282 Cindy Drive Suite 054 Fields,East Nicole,Indiana,88294,US,2020-06-10 02:10:44.679,"Smith, Holloway and Allen",Melissa Dawson,elizabethlucas@example.org,743 Laura Locks Apt. 708 Dale,Kingchester,Nevada,07302,US,2023-06-05 04:26:15.690,2023-06-04 21:26:15.690
2023-06-05 03:53:36.928,2bad4418-f104-4efb-a56f-abc76e12afa1,26,1564427,10130,4,GOOGLE,MOBILE,ORGANIC,SHIPPED,2023-06-05 04:03:40.928,2019-08-18 06:01:47.015,Please Don't Go Before I Get Better by Madisen Kuhn (Paperback),9781501196812,Readerlink,Readerlink,"[{""id"":""3094424"",""manufacturer_style"":""9781501196812"",""vendor_name"":""READERLINK DIST SVCS LLC""},{""id"":""1984790"",""manufacturer_style"":""9781501196812"",""vendor_name"":""Ingram Content Group""}]",Books,Y,30,US,5,88.85,355.4,2019-05-10 13:16:09.082,Scott Blankenship,27255 Stein Drive Suite 947 Points,East Belindaberg,West Virginia,36501,US,2020-07-01 07:53:09.679,Hodges-Smith,Michael Ingram,ssmith@example.org,18485 Cathy Viaduct Crossing,Lisaview,North Carolina,78656,US,2023-06-05 04:26:15.690,2023-06-04 21:26:15.690
2023-06-05 03:53:26.928,d9ba12c1-7c34-4b8b-ba0d-116cfc8bc80d,51,1993285,2263,2,TIKTOK,DESKTOP,ORGANIC,SHIPPED,2023-06-05 04:03:40.928,2021-09-27 05:06:27.015,Unfinished - by Priyanka Chopra Jonas (Hardcover),9781984819215,Readerlink,Readerlink,"[{""id"":""3094424"",""manufacturer_style"":""RANDOM HOUSE"",""vendor_name"":""READERLINK DIST SVCS LLC""},{""id"":""1984790"",""manufacturer_style"":""9781984819215"",""vendor_name"":""Ingram Content Group""}]",Books,Y,30,US,5,71.71,143.42,2017-06-01 08:57:04.082,Marissa Castillo,0350 Mark Villages Suite 248 Glen,East Jenniferborough,Iowa,61132,US,2018-08-07 11:34:09.679,"Roberts, Jones and Jordan",Joshua Harmon,gtaylor@example.net,6785 Scott Mountain Forest,Mariahaven,Arkansas,46605,US,2023-06-05 04:26:15.690,2023-06-04 21:26:15.690
2023-06-05 03:53:20.928,7df854c5-c01c-4784-85c2-cbda65f331ca,10,1035071,6664,4,REDDIT,TABLET,ORGANIC,SHIPPED,2023-06-05 04:03:40.928,2020-07-27 06:59:37.015,The Wish - by  Nicholas Sparks (Hardcover),9781538728628,Hachette Book Group,Hachette Book Group,"[{""id"":""3094424"",""manufacturer_style"":""Hachette"",""vendor_name"":""READERLINK DIST SVCS LLC""},{""id"":""1984790"",""manufacturer_style"":""9781538728628"",""vendor_name"":""Ingram Content Group""}]",Books,Y,30,US,0,96.05,384.2,2018-04-03 01:42:39.082,Kelly Adams,1506 Davis Place Apt. 075 Rapid,Andrewshire,Ohio,14405,US,2017-10-16 11:06:14.679,Graham-Sandoval,Thomas Lopez,qnelson@example.org,047 James Creek Apt. 122 Stravenue,Port Adamport,Wisconsin,54977,US,2023-06-05 04:26:15.690,2023-06-04 21:26:15.690
2023-06-05 03:53:10.928,49bdee1e-9630-48c3-aa97-9a5ed8553a6f,65,1428346,1232,5,DIRECT,MOBILE,PAID,SHIPPED,2023-06-05 04:03:40.928,2022-01-08 21:26:57.015,See Me - by Nicholas Sparks (Paperback),9781455543656,Readerlink,Readerlink,"[{""id"":""3094424"",""manufacturer_style"":""Hachette"",""vendor_name"":""READERLINK DIST SVCS LLC""},{""id"":""1984790"",""manufacturer_style"":""9781455520626"",""vendor_name"":""Ingram Content Group""}]",Books,Y,30,US,0,53.35,266.75,2021-04-27 04:36:49.082,Andrew Robinson,5365 Roberts Harbor Fort,Mejiafort,North Dakota,28397,US,2018-09-15 10:22:14.679,"Miller, Wood and Pace",Lindsay Pena,imann@example.net,88010 Morgan Pike Apt. 044 Radial,Danielmouth,Georgia,76485,US,2023-06-05 04:26:15.690,2023-06-04 21:26:15.690
2023-06-05 03:52:42.928,c225ef3c-1d8e-4ee8-a9ca-8f22e0c01094,46,1208643,15887,5,LINKEDIN,TABLET,ORGANIC,SHIPPED,2023-06-05 04:03:40.928,2018-02-04 15:18:32.015,Detective Cross (Paperback) (James Patterson),9780316469760,Readerlink,Readerlink,"[{""id"":""3094424"",""manufacturer_style"":""Hachette"",""vendor_name"":""READERLINK DIST SVCS LLC""},{""id"":""1984790"",""manufacturer_style"":""9780316469760"",""vendor_name"":""Ingram Content Group""}]",Books,Y,30,US,3,8.15,40.75,2020-03-03 05:45:39.082,Mr. William Collins,15633 Jennifer Expressway Apt. 888 Wells,Jonesview,Michigan,34581,US,2021-03-03 06:39:24.679,Tate-Perry,Michele White,carrie18@example.org,72507 Christopher Ranch Apt. 022 Avenue,New Deanna,Wisconsin,38393,US,2023-06-05 04:26:15.690,2023-06-04 21:26:15.690
2023-06-05 03:52:34.928,f9c25d17-c190-4bbb-88b7-d1e05c1cf64c,27,75116,18038,3,DIRECT,DESKTOP,PAID,SHIPPED,2023-06-05 04:03:40.928,2017-07-14 18:54:37.015,"Thomas Goes Fishing ( Step into Reading, Step 1) (Paperback) by W. Awdry",9780375831188,Random House,Random House,"[{""id"":""1984790"",""manufacturer_style"":""9780375831188"",""vendor_name"":""Ingram Content Group""},{""id"":""3929382"",""manufacturer_style"":""0375831185"",""vendor_name"":""PENGUIN RANDOM HOUSE LLC""}]",Books,Y,30,US,0,45.89,137.67,2022-03-10 15:57:34.082,Joshua Watts,2128 Snyder Grove Suite 605 Ways,Johnsonport,Colorado,25554,US,2018-10-18 20:33:19.679,Cooper Inc,Stacey Solomon,stantondouglas@example.com,3962 Cain Creek Walk,East Victor,Oregon,90078,US,2023-06-05 04:26:15.690,2023-06-04 21:26:15.690
2023-06-05 03:52:32.928,e3947fa1-2ea8-4275-a6aa-edc0f56d1ffa,44,1246277,14220,4,DIRECT,MOBILE,PAID,SHIPPED,2023-06-05 04:03:40.928,2018-07-18 08:00:27.015,"Sticker Mosaics Exotic Animals: Create Stunning Paintings With 1,252 Stickers! -  by Silvio Rebelo (Paperback)",9781250130846,Readerlink,Readerlink,"[{""id"":""3094424"",""manufacturer_style"":""MACMILLAN"",""vendor_name"":""READERLINK DIST SVCS LLC""},{""id"":""1984790"",""manufacturer_style"":""9781250130846"",""vendor_name"":""Ingram Content Group""}]",Books,Y,30,US,5,27.88,111.52,2021-07-14 11:58:29.082,Alfred Williams,44537 Palmer Stravenue Apt. 256 Green,Wilsonberg,Idaho,02922,US,2018-06-25 15:26:14.679,Davis-Griffith,Michelle Crawford,xgarcia@example.org,2048 Walker Stravenue Suite 330 Lodge,South Brian,Oklahoma,46823,US,2023-06-05 04:26:15.690,2023-06-04 21:26:15.690
2023-06-05 03:52:32.928,3a8acf0b-6472-4165-b608-a76ce81752fc,27,1449061,4000,3,LINKEDIN,TABLET,PARTNERSHIP,SHIPPED,2023-06-05 04:03:40.928,2021-04-11 04:46:22.015,Lady Travelers Guide to Deception With an Unlikely Earl -  by Victoria Alexander (Paperback),9780373804061,Readerlink,Readerlink,"[{""id"":""3094424"",""manufacturer_style"":""9780373804061"",""vendor_name"":""READERLINK DIST SVCS LLC""},{""id"":""1984790"",""manufacturer_style"":""9780373804061"",""vendor_name"":""Ingram Content Group""}]",Books,Y,30,US,0,54.01,162.03,2020-09-07 23:46:29.082,Andrew Knapp,060 Peter Meadows Track,Jennifermouth,Kentucky,40238,US,2018-10-18 20:33:19.679,Cooper Inc,Stacey Solomon,stantondouglas@example.com,3962 Cain Creek Walk,East Victor,Oregon,90078,US,2023-06-05 04:26:15.690,2023-06-04 21:26:15.690
2023-06-05 03:52:30.928,b9ea4fd4-08d5-4cd1-baab-9fdd0d7c092d,2,639047,14551,5,DIRECT,MOBILE,PAID,SHIPPED,2023-06-05 04:03:40.928,2018-06-14 03:49:57.015,Junior Novel -  (Lego Movie 2) by Scholastic Inc. &amp; Kate Howard (Paperback),9781338307597,Readerlink,Readerlink,"[{""id"":""3094424"",""manufacturer_style"":""Scholastic"",""vendor_name"":""READERLINK DIST SVCS LLC""},{""id"":""1984790"",""manufacturer_style"":""9781338307597"",""vendor_name"":""Ingram Content Group""}]",Books,Y,30,US,5,93.61,468.05,2017-08-19 00:56:49.082,Cole Martin,27669 Olson Tunnel Causeway,North Victormouth,South Carolina,09179,US,2021-08-07 04:57:34.679,Chan-Mcdonald,Kimberly Gardner,keithgilbert@example.net,629 King Turnpike Suite 902 Hill,Foxside,Kentucky,47853,US,2023-06-05 04:26:15.690,2023-06-04 21:26:15.690
2023-06-05 03:52:26.928,ceb258d5-d31f-4cca-b8a2-f7661f4eb3ec,9,1605738,16849,5,TWITTER,TABLET,PARTNERSHIP,SHIPPED,2023-06-05 04:03:40.928,2017-11-03 14:26:27.015,Predator (Reprint) (Paperback) by Patricia Daniels Cornwell,9780425245736,Levy,Levy,"[{""id"":""3094424"",""manufacturer_style"":""Penguin"",""vendor_name"":""READERLINK DIST SVCS LLC""},{""id"":""1984790"",""manufacturer_style"":""9780425245736"",""vendor_name"":""Ingram Content Group""}]",Books,Y,30,US,0,51.48,257.4,2018-08-19 19:41:09.082,Emily Mccarthy,88024 Nicholson Lodge Apt. 381 Ridge,Connorside,Indiana,49407,US,2018-03-13 05:14:34.679,Phillips PLC,Susan Turner,jenniferkrause@example.net,791 Matthew Burgs Bridge,Cynthiabury,Missouri,49031,US,2023-06-05 04:26:15.690,2023-06-04 21:26:15.690
2023-06-05 03:52:14.928,085bc409-fa24-453c-8ad3-d73a177cbae0,14,1412649,11279,4,REDDIT,TABLET,PAID,SHIPPED,2023-06-05 04:03:40.928,2019-05-01 19:05:37.015,Promise Me (Myron Bolitar) - by Harlan Coben (Paperback),9780451235572,Readerlink,Readerlink,"[{""id"":""3094424"",""manufacturer_style"":""Penguin"",""vendor_name"":""READERLINK DIST SVCS LLC""},{""id"":""1984790"",""manufacturer_style"":""9780451235572"",""vendor_name"":""Ingram Content Group""}]",Books,Y,30,US,0,63.09,252.36,2019-07-28 07:29:29.082,Caitlin Miller,01923 Harrington Spurs Corners,North Donald,Indiana,60034,US,2020-02-23 21:24:24.679,Chavez-Mooney,Sheila Hughes,lindseyramirez@example.net,9474 Margaret Street Mission,Tiffanyland,Minnesota,34652,US,2023-06-05 04:26:15.690,2023-06-04 21:26:15.690
2023-06-05 03:52:08.928,b8c75ed4-a563-4151-9259-8fa8fec44f80,5,240424,12295,2,TIKTOK,DESKTOP,ORGANIC,SHIPPED,2023-06-05 04:03:40.928,2019-01-23 11:21:42.015,General Motors: A Photographic History - by Michael W R Davis (Paperback),9780738500195,Arcadia Publishing,Arcadia Publishing,"[{""id"":""1974890"",""manufacturer_style"":""9780738500195"",""vendor_name"":""Park City Group""},{""id"":""1984790"",""manufacturer_style"":""9780738500195"",""vendor_name"":""Ingram Content Group""}]",Books,Y,30,US,0,5.19,10.38,2019-10-22 05:12:09.082,Sean Gaines,09370 Beck Ville Ferry,Lake Shannonmouth,Maine,90657,US,2020-04-06 14:03:19.679,"Hart, Bailey and Fernandez",Christopher Mcfarland,justinhayes@example.org,58656 Christine Mountain Suite 276 Greens,Lake Kurt,West Virginia,77711,US,2023-06-05 04:26:15.690,2023-06-04 21:26:15.690
2023-06-05 03:51:50.928,b394511b-f8db-4a4c-bac8-661fa764fc2f,16,573820,17604,1,FACEBOOK,MOBILE,PAID,SHIPPED,2023-06-05 04:03:40.928,2017-08-22 15:00:32.015,The Good Luck of Right Now (Hardcover) by Matthew Quick,9780062285539,Levy,Levy,"[{""id"":""3094424"",""manufacturer_style"":""Harper"",""vendor_name"":""READERLINK DIST SVCS LLC""},{""id"":""1984790"",""manufacturer_style"":""9780062285539"",""vendor_name"":""Ingram Content Group""}]",Books,Y,30,US,0,91.91,91.91,2021-06-07 14:32:19.082,Heidi Wagner,67019 Martin Burgs Apt. 612 Ridge,Port Cynthia,Maine,19404,US,2020-08-24 20:44:09.679,Edwards-Martin,Clayton Vance,jeffrey46@example.org,39412 Andre Neck Suite 763 Summit,Lopezmouth,Pennsylvania,58407,US,2023-06-05 04:26:15.690,2023-06-04 21:26:15.690
2023-06-05 03:51:22.928,ef417b7e-c3c7-48ec-ac92-27a03c895bce,3,13698,15417,1,REDDIT,TABLET,ORGANIC,SHIPPED,2023-06-05 04:03:40.928,2018-03-25 10:05:12.015,"Forget Me Nat (Nat Enough #2), Volume 2 - by Maria Scrivan (Paperback)",9781338538243,Readerlink,Readerlink,"[{""id"":""3094424"",""manufacturer_style"":""Scholastic"",""vendor_name"":""READERLINK DIST SVCS LLC""},{""id"":""1984790"",""manufacturer_style"":""9781338538243"",""vendor_name"":""Ingram Content Group""}]",Books,Y,30,US,5,63.62,63.62,2022-01-15 17:18:34.082,Danielle Stone,1415 Harrell Turnpike Suite 489 Parkways,Gainesfort,Minnesota,02719,US,2020-05-17 12:24:54.679,"Perez, Manning and Jenkins",Jessica Rodriguez,fking@example.org,53516 Reed Oval Meadow,Johnsonburgh,Washington,23709,US,2023-06-05 04:26:15.690,2023-06-04 21:26:15.690
2023-06-05 03:51:20.928,457f4388-ac23-4e41-a48c-6e2320556c9c,98,1674755,12814,2,SNAPCHAT,TABLET,ORGANIC,SHIPPED,2023-06-05 04:03:40.928,2018-12-06 12:14:37.015,Trolls Imagine Ink Magic Pictures,9781505026665,Bendon,Bendon,"[{""id"":""1984790"",""manufacturer_style"":""9781505026665"",""vendor_name"":""Ingram Content Group""},{""id"":""1026915"",""manufacturer_style"":""68707-TG"",""vendor_name"":""BENDON PUBLISHING INT INC""},{""id"":""1258738"",""manufacturer_style"":""9781505026665"",""vendor_name"":""BAKER AND TAYLOR""}]",Books,Y,30,CN,5,15.35,30.7,2020-11-13 12:34:04.082,James Garcia,09527 Rose Rapid Apt. 910 Pines,South Lauren,Vermont,63113,US,2020-02-25 09:04:04.679,Jones LLC,Emily Frazier,matthewroberts@example.com,7143 Ellis Mountain Wall,North Cindyfort,Maryland,96190,US,2023-06-05 04:26:15.690,2023-06-04 21:26:15.690
2023-06-05 03:51:16.928,c0f82de2-76de-41c9-b635-b5d4f2842cac,36,1204901,7418,1,FACEBOOK,DESKTOP,PAID,SHIPPED,2023-06-05 04:03:40.928,2020-05-08 11:12:02.015,Dc Super Hero Girls : Hits and Myths (Paperback) (Shea Fontana),9781401267612,Readerlink,Readerlink,"[{""id"":""3094424"",""manufacturer_style"":""RH"",""vendor_name"":""READERLINK DIST SVCS LLC""},{""id"":""1984790"",""manufacturer_style"":""9781401267612"",""vendor_name"":""Ingram Content Group""}]",Books,Y,30,US,5,50.77,50.77,2019-01-22 10:19:29.082,Calvin Moore,83939 Elizabeth Mountains Keys,East Danielland,New Jersey,07065,US,2021-11-18 14:59:49.679,Rojas-Johnson,Christina Gordon,courtney36@example.net,38430 Damon Dam Mountains,Garymouth,Michigan,93549,US,2023-06-05 04:26:15.690,2023-06-04 21:26:15.690
2023-06-05 03:51:14.928,a88ae5e5-7df1-4dea-89c8-b528fe58e62f,72,496061,9549,1,REDDIT,MOBILE,PAID,SHIPPED,2023-06-05 04:03:40.928,2019-10-13 04:24:22.015,Someone We Know -  by Shari Lapena (Hardcover),9780525557654,Readerlink,Readerlink,"[{""id"":""3094424"",""manufacturer_style"":""Penguin"",""vendor_name"":""READERLINK DIST SVCS LLC""},{""id"":""1984790"",""manufacturer_style"":""9780525557654"",""vendor_name"":""Ingram Content Group""}]",Books,Y,30,US,4.67,84.69,84.69,2022-02-12 23:17:29.082,Melissa Arias MD,138 Nolan Camp Cove,Singhmouth,Missouri,18715,US,2019-01-25 02:11:34.679,"Johnson, Torres and Cole",Mikayla Grimes,rmorse@example.net,069 Brown Creek Suite 758 Prairie,Ernestberg,Minnesota,79994,US,2023-06-05 04:26:15.690,2023-06-04 21:26:15.690
2023-06-05 03:51:02.928,5ed3ca2e-18bc-48a6-a226-2d5574f2f043,88,612424,15881,2,TIKTOK,DESKTOP,ORGANIC,SHIPPED,2023-06-05 04:03:40.928,2018-02-05 04:58:32.015,I Am a Sith - by Christopher Nicholas (Hardcover),9780736436076,Random House,Random House,"[{""id"":""1258738"",""manufacturer_style"":""9780736436076"",""vendor_name"":""BAKER AND TAYLOR""},{""id"":""3929382"",""manufacturer_style"":""Star Wars"",""vendor_name"":""PENGUIN RANDOM HOUSE LLC""},{""id"":""1984790"",""manufacturer_style"":""9780736436076"",""vendor_name"":""Ingram Content Group""}]",Books,Y,30,US,0,44.56,89.12,2018-02-27 17:45:59.082,Nicole Moore,575 Wright Expressway Suite 232 Plaza,Port Kristieland,Illinois,84045,US,2021-05-18 09:32:49.679,Summers LLC,Brandon Davis,ysilva@example.net,9268 Smith Trail Unions,East Nancyside,Oklahoma,26251,US,2023-06-05 04:26:15.690,2023-06-04 21:26:15.690
2023-06-05 03:50:32.928,9b858b23-6acd-4732-b65e-f7aeeedeb816,92,623837,11131,4,LINKEDIN,TABLET,ORGANIC,SHIPPED,2023-06-05 04:03:40.928,2019-05-14 09:35:02.015,Two Truths and a Lie ( The Lying Game) (Hardcover) by Sara Shepard,9780061869747,Levy,Levy,"[{""id"":""3094424"",""manufacturer_style"":""Harper"",""vendor_name"":""READERLINK DIST SVCS LLC""},{""id"":""1984790"",""manufacturer_style"":""9780061869747"",""vendor_name"":""Ingram Content Group""}]",Books,Y,30,US,0,94.54,378.16,2021-06-01 04:37:04.082,Kimberly Osborn,9722 Nancy Meadow Fort,Ryanport,Florida,36138,US,2019-08-21 00:35:14.679,"Lopez, Oconnell and Roberts",Makayla Allen,khill@example.com,27756 Barry Roads Stream,Kelseychester,Vermont,90367,US,2023-06-05 04:26:15.690,2023-06-04 21:26:15.690
2023-06-05 03:50:16.928,8ed1c9c1-602f-46ae-a800-6a450545e8a1,64,1383627,17371,3,DIRECT,TABLET,ORGANIC,SHIPPED,2023-06-05 04:03:40.928,2017-09-15 05:45:17.015,"Disney Baby Hop, Hatch, Bloom - (Board Book)",9781368065122,Disney,Disney,"[{""id"":""3094424"",""manufacturer_style"":""Disney"",""vendor_name"":""READERLINK DIST SVCS LLC""},{""id"":""1984790"",""manufacturer_style"":""9781368065122"",""vendor_name"":""Ingram Content Group""}]",Books,Y,30,US,5,59.75,179.25,2022-03-17 11:38:34.082,Olivia Greene,84285 Lyons Roads Meadows,West Patriciaburgh,Maryland,27954,US,2017-08-09 22:18:54.679,Duncan Ltd,Samantha Williams,fmiranda@example.com,1959 Timothy Lodge Meadow,Port Ashleyview,Arkansas,52906,US,2023-06-05 04:26:15.690,2023-06-04 21:26:15.690
2023-06-05 03:50:10.928,6d47bedc-5de2-44be-b1b4-1c2db4b02b7d,63,284374,14906,3,FACEBOOK,TABLET,PARTNERSHIP,SHIPPED,2023-06-05 04:03:40.928,2018-05-14 05:20:37.015,2021 Monthly Wall Calendar Tasty - Willow Creek Press,9781549213489,Willow Creek Press,Willow Creek Press,"[{""id"":""1995429"",""manufacturer_style"":""13489"",""vendor_name"":""WILLOW CREEK PRESS INC""}]",Calendars and Planners,Y,90,KR,0,46.38,139.14,2019-09-26 01:24:59.082,Jeffrey Miller,1396 Paul Track Apt. 687 Trace,Portermouth,Maine,26915,US,2019-11-09 09:56:39.679,Weaver-Luna,Cynthia Phillips,michaelrobertson@example.net,833 Parker Creek Apt. 844 Lane,South Madison,Michigan,90856,US,2023-06-05 04:26:15.690,2023-06-04 21:26:15.690
2023-06-05 03:50:06.928,404f6bfc-0233-4053-a2e2-6f7d8f43684d,41,1375945,7738,1,INSTAGRAM,MOBILE,PARTNERSHIP,SHIPPED,2023-06-05 04:03:40.928,2020-04-04 19:36:52.015,I Am Courage - (I Am Books) by Susan Verde (Hardcover),9781419746468,Readerlink,Readerlink,"[{""id"":""3094424"",""manufacturer_style"":""Abrams"",""vendor_name"":""READERLINK DIST SVCS LLC""},{""id"":""1984790"",""manufacturer_style"":""9781419746468"",""vendor_name"":""Ingram Content Group""}]",Books,Y,30,US,0,26.36,26.36,2020-11-02 05:10:59.082,Cindy Esparza,8891 Joshua Spur Orchard,South Jason,Ohio,16938,US,2019-09-15 18:22:09.679,Saunders-Hendricks,Christian Morales,annabass@example.net,805 Christopher Well Apt. 576 Hills,Port Bobbyville,Virginia,95292,US,2023-06-05 04:26:15.690,2023-06-04 21:26:15.690
2023-06-05 03:50:04.928,e5d544e8-6585-443b-99de-2f8266229849,55,1619269,11356,3,GOOGLE,MOBILE,PARTNERSHIP,SHIPPED,2023-06-05 04:03:40.928,2019-04-24 14:35:37.015,The Prada Plan 3 (Paperback) by Ashley Antoinette,9781601625373,Levy,Levy,"[{""id"":""3094424"",""manufacturer_style"":""Kensington"",""vendor_name"":""READERLINK DIST SVCS LLC""},{""id"":""1984790"",""manufacturer_style"":""9781601625373"",""vendor_name"":""Ingram Content Group""}]",Books,Y,30,US,5,74.36,223.08,2017-05-23 09:24:19.082,Kimberly Chandler,010 Williams Lakes Suite 330 Orchard,Edwardberg,Massachusetts,75885,US,2021-10-21 12:54:29.679,Ross LLC,Tina Ortiz,randy52@example.com,093 Johnny Pike Suite 373 Unions,South Diane,New Mexico,25768,US,2023-06-05 04:26:15.690,2023-06-04 21:26:15.690
2023-06-05 03:49:50.928,a99ced3e-6e99-4d5a-8441-6531bf12985b,28,1169334,7983,3,DIRECT,DESKTOP,PARTNERSHIP,SHIPPED,2023-06-05 04:03:40.928,2020-03-11 00:03:52.015,Rocking in My School Shoes (Pete the Cat) - by James Dean (Hardcover),9780061910241,Readerlink,Readerlink,"[{""id"":""3094424"",""manufacturer_style"":""Harper"",""vendor_name"":""READERLINK DIST SVCS LLC""},{""id"":""1984790"",""manufacturer_style"":""9780061910241"",""vendor_name"":""Ingram Content Group""}]",Books,Y,30,US,4.1,46.42,139.26,2017-12-11 00:24:19.082,Jeremy Moore,37866 Wiley Parkways Ways,Port Hector,Indiana,89090,US,2019-08-31 06:41:34.679,Goodwin PLC,Christopher Haynes,zunigachristopher@example.com,52299 Damon Key Apt. 890 Ports,Lake Michellefort,Arkansas,67263,US,2023-06-05 04:26:15.690,2023-06-04 21:26:15.690
2023-06-05 03:49:48.928,2b9d0137-1a7c-4db2-b9ef-51c9e9d7b73d,89,755653,13294,1,FACEBOOK,MOBILE,PAID,SHIPPED,2023-06-05 04:03:40.928,2018-10-18 11:35:52.015,Christmas in Harmony Harbor -  (Harmony Harbor) by Debbie Mason (Paperback),9781538731710,Readerlink,Readerlink,"[{""id"":""3094424"",""manufacturer_style"":""Hachette"",""vendor_name"":""READERLINK DIST SVCS LLC""},{""id"":""1258738"",""manufacturer_style"":""9781538731710"",""vendor_name"":""BAKER AND TAYLOR""},{""id"":""1984790"",""manufacturer_style"":""9781538731710"",""vendor_name"":""Ingram Content Group""}]",Books,Y,30,US,5,69.69,69.69,2021-08-27 20:39:49.082,Lauren Alexander,789 Michael Mount Apt. 422 Divide,Emilyfort,Connecticut,36700,US,2020-05-22 07:16:24.679,Bryant-Martinez,Shelley Coleman,ujackson@example.org,54097 Jennifer Springs Apt. 549 Inlet,Buchananfurt,Florida,82662,US,2023-06-05 04:26:15.690,2023-06-04 21:26:15.690
2023-06-05 03:49:32.928,197a8575-4a5e-4c8f-9bf4-67c54d4835af,83,194950,16684,2,DIRECT,DESKTOP,ORGANIC,SHIPPED,2023-06-05 04:03:40.928,2017-11-18 14:25:57.015,Start Now! : You Can Make a Difference -  by Chelsea Clinton (Hardcover),9780525514367,Readerlink,Readerlink,"[{""id"":""3094424"",""manufacturer_style"":""Penguin"",""vendor_name"":""READERLINK DIST SVCS LLC""},{""id"":""1984790"",""manufacturer_style"":""9780525514367"",""vendor_name"":""Ingram Content Group""}]",Books,Y,30,US,0,45.93,91.86,2019-03-12 09:28:04.082,Taylor Carter,74324 Brian Orchard Key,Ramirezhaven,Alabama,01754,US,2019-03-14 13:37:44.679,Flores-Miller,Kenneth Baldwin,keith39@example.com,7752 Kaitlin Extensions Apt. 442 Key,Fieldston,Michigan,71279,US,2023-06-05 04:26:15.690,2023-06-04 21:26:15.690
2023-06-05 03:49:30.928,f563fcca-a8ab-4489-abe7-71788423eaa4,26,1151770,12621,4,INSTAGRAM,MOBILE,PARTNERSHIP,SHIPPED,2023-06-05 04:03:40.928,2018-12-25 03:15:07.015,Miscalculations of Lightning Girl -  by Stacy McAnulty (Hardcover),9781524767570,Readerlink,Readerlink,"[{""id"":""3094424"",""manufacturer_style"":""RH"",""vendor_name"":""READERLINK DIST SVCS LLC""},{""id"":""1984790"",""manufacturer_style"":""9781524767570"",""vendor_name"":""Ingram Content Group""}]",Books,Y,30,US,5,42.34,169.36,2019-12-27 05:01:04.082,Angela Bennett,5986 Joseph Union Apt. 029 Overpass,Harrishaven,Kansas,23691,US,2020-07-01 07:53:09.679,Hodges-Smith,Michael Ingram,ssmith@example.org,18485 Cathy Viaduct Crossing,Lisaview,North Carolina,78656,US,2023-06-05 04:26:15.690,2023-06-04 21:26:15.690
2023-06-05 03:49:26.928,e25d0440-45de-463c-993b-3d97ace9934f,9,165866,568,3,REDDIT,TABLET,ORGANIC,SHIPPED,2023-06-05 04:03:40.928,2022-03-07 22:07:32.015,The Wicked Girls (Reprint) (Paperback) by Alex Marwood,9780143123866,Levy,Levy,"[{""id"":""3094424"",""manufacturer_style"":""Penguin"",""vendor_name"":""READERLINK DIST SVCS LLC""},{""id"":""1984790"",""manufacturer_style"":""9780143123866"",""vendor_name"":""Ingram Content Group""}]",Books,Y,30,US,0,56.65,169.95,2020-10-19 18:39:59.082,Dillon Klein,8555 Skinner Estate Suite 775 Via,South Ericborough,Connecticut,07772,US,2018-03-13 05:14:34.679,Phillips PLC,Susan Turner,jenniferkrause@example.net,791 Matthew Burgs Bridge,Cynthiabury,Missouri,49031,US,2023-06-05 04:26:15.690,2023-06-04 21:26:15.690
2023-06-05 03:49:26.928,89144d10-cb48-4102-86ae-e7d24f7ec219,17,911313,5746,2,GOOGLE,DESKTOP,PAID,SHIPPED,2023-06-05 04:03:40.928,2020-10-25 15:15:22.015,Dreamers and Deceivers (Hardcover) by Glenn Beck,9781476783895,Levy,Levy,"[{""id"":""3094424"",""manufacturer_style"":""Simon"",""vendor_name"":""READERLINK DIST SVCS LLC""},{""id"":""1984790"",""manufacturer_style"":""9781476783895"",""vendor_name"":""Ingram Content Group""}]",Books,Y,30,US,0,57.82,115.64,2021-09-23 16:41:24.082,Dana Thompson,6567 Meredith Union Parks,Lake Alexandraborough,Kentucky,98879,US,2021-10-17 18:31:34.679,"Harvey, Myers and Stein",Dennis Allen,hollandbrian@example.org,19603 Cynthia Glens Suite 702 Forge,Jacksonhaven,Missouri,04398,US,2023-06-05 04:26:15.690,2023-06-04 21:26:15.690
2023-06-05 03:49:08.928,8a2b71d1-85fb-405e-bffb-4c5989174f39,23,979216,17226,3,FACEBOOK,MOBILE,ORGANIC,SHIPPED,2023-06-05 04:03:40.928,2017-09-28 19:58:02.015,Wicked Women of Missouri - by Larry Wood (Paperback),9781467119665,Arcadia Publishing,Arcadia Publishing,"[{""id"":""1974890"",""manufacturer_style"":""9781467119665"",""vendor_name"":""Park City Group""},{""id"":""1984790"",""manufacturer_style"":""9781467119665"",""vendor_name"":""Ingram Content Group""}]",Books,Y,30,US,0,67.91,203.73,2019-05-01 06:39:39.082,James Andrade,808 Nancy Creek Suite 943 Fields,Newtonmouth,California,04125,US,2018-11-06 05:50:09.679,Johnson-Hill,Dr. Matthew Roth,ykirby@example.com,678 Roger Forks Manor,Aliciaside,Texas,39698,US,2023-06-05 04:26:15.690,2023-06-04 21:26:15.690
2023-06-05 03:48:56.928,32922a03-55c3-492b-9958-501af3a2e7f1,30,444899,3475,4,DIRECT,MOBILE,PARTNERSHIP,SHIPPED,2023-06-05 04:03:40.928,2021-06-01 21:12:37.015,Bulldozer Dreams 10/15/2017 (Hardcover) - by Sharon Chriscoe,9780762459667,Readerlink,Readerlink,"[{""id"":""3094424"",""manufacturer_style"":""Hachette"",""vendor_name"":""READERLINK DIST SVCS LLC""},{""id"":""1984790"",""manufacturer_style"":""9780762459667"",""vendor_name"":""Ingram Content Group""}]",Books,Y,30,US,0,99.74,398.96,2020-11-25 01:17:29.082,Crystal Higgins,53060 Schneider Falls Loop,East Heather,Alabama,44391,US,2021-12-12 17:32:39.679,Coleman-Nelson,Jasmin Petty,shawncruz@example.net,6148 David Road Crescent,Frankfort,Vermont,19367,US,2023-06-05 04:26:15.690,2023-06-04 21:26:15.690
2023-06-05 03:48:44.928,476c5e7c-3e71-47fc-87de-2f6564b0ec14,79,1038380,9204,4,LINKEDIN,MOBILE,PARTNERSHIP,SHIPPED,2023-06-05 04:03:40.928,2019-11-14 07:04:17.015,Broken Way : A Daring Path into the Abundant Life (Hardcover) (Ann Voskamp),9780310318583,Readerlink,Readerlink,"[{""id"":""3094424"",""manufacturer_style"":""Thomas Nelson"",""vendor_name"":""READERLINK DIST SVCS LLC""},{""id"":""1984790"",""manufacturer_style"":""9780310318583"",""vendor_name"":""Ingram Content Group""}]",Books,Y,30,US,5,15.22,60.88,2020-12-04 13:44:04.082,Elizabeth Evans,3721 Melissa Island Apt. 840 Shores,Lake Jordanmouth,North Dakota,76316,US,2022-03-26 07:47:04.679,Roberts Inc,Joshua Henderson,petersrobert@example.com,73974 Stephanie Fort Suite 374 Streets,Millershire,Virginia,31832,US,2023-06-05 04:26:15.690,2023-06-04 21:26:15.690
2023-06-05 03:48:42.928,12c57e3c-3a24-4f53-982e-ff43de43967b,16,851471,14468,4,INSTAGRAM,DESKTOP,PARTNERSHIP,SHIPPED,2023-06-05 04:03:40.928,2018-06-23 16:28:32.015,Manning Sisters 11/24/2015 - by Debbie Macomber (Paperback),9780778318385,Readerlink,Readerlink,"[{""id"":""1258738"",""manufacturer_style"":""9780778318385"",""vendor_name"":""BAKER AND TAYLOR""},{""id"":""3094424"",""manufacturer_style"":""Harlequin"",""vendor_name"":""READERLINK DIST SVCS LLC""},{""id"":""1984790"",""manufacturer_style"":""9780778318385"",""vendor_name"":""Ingram Content Group""}]",Books,Y,30,US,0,1.21,4.84,2019-11-04 02:50:39.082,David Watts,3477 Phillip Mountain Avenue,Sharpside,Virginia,49372,US,2020-08-24 20:44:09.679,Edwards-Martin,Clayton Vance,jeffrey46@example.org,39412 Andre Neck Suite 763 Summit,Lopezmouth,Pennsylvania,58407,US,2023-06-05 04:26:15.690,2023-06-04 21:26:15.690
2023-06-05 03:48:34.928,bf18d099-e5dc-4558-9fb1-14db8b9056e6,69,774889,9745,1,DIRECT,MOBILE,PARTNERSHIP,SHIPPED,2023-06-05 04:03:40.928,2019-09-25 13:24:07.015,The Catfish Club (Purrmaids Book 2) (Sudipta Bardhan-Quallen) (Hardcover),9781524701642,Readerlink,Readerlink,"[{""id"":""1984790"",""manufacturer_style"":""9781524701642"",""vendor_name"":""Ingram Content Group""},{""id"":""3929382"",""manufacturer_style"":""1524701645"",""vendor_name"":""PENGUIN RANDOM HOUSE LLC""},{""id"":""3094424"",""manufacturer_style"":""Random House"",""vendor_name"":""READERLINK DIST SVCS LLC""}]",Books,Y,30,US,5,95.02,95.02,2017-08-24 18:57:49.082,Steven Sherman,94131 Patel Spring Ridge,Port Bryanburgh,West Virginia,79463,US,2018-11-09 12:19:14.679,Roberts Inc,Aaron Ramirez,tamarajacobs@example.com,270 Walker Island Springs,South Katrinatown,Mississippi,45926,US,2023-06-05 04:26:15.690,2023-06-04 21:26:15.690
2023-06-05 03:48:20.928,f468296b-736a-40c1-83c8-9f211b1146b8,99,1833941,8732,5,FACEBOOK,DESKTOP,PARTNERSHIP,SHIPPED,2023-06-05 04:03:40.928,2019-12-30 00:00:57.015,Connections in Death : An Eve Dallas Novel -  (In Death) by J. D. Robb (Hardcover),9781250201577,Readerlink,Readerlink,"[{""id"":""3094424"",""manufacturer_style"":""MACMILLAN"",""vendor_name"":""READERLINK DIST SVCS LLC""},{""id"":""1984790"",""manufacturer_style"":""9781250201577"",""vendor_name"":""Ingram Content Group""}]",Books,Y,30,US,5,63.1,315.5,2021-06-29 16:54:44.082,Leslie Boyer,995 Warren Via Apt. 282 Pike,West Allisonhaven,New Mexico,94043,US,2019-01-27 03:09:34.679,Cole-Harding,David Hall,megan73@example.com,8942 Harding Cape Apt. 768 Locks,Julieside,Texas,65527,US,2023-06-05 04:26:15.690,2023-06-04 21:26:15.690
2023-06-05 03:48:18.928,9e9d5d3b-4f0e-4167-ab32-aa237d70bb35,93,953460,15630,5,INSTAGRAM,DESKTOP,PARTNERSHIP,SHIPPED,2023-06-05 04:03:40.928,2018-03-01 17:14:07.015,Disney Princess Paintbox Book - Target Exclusive Edition,9781505066388,Bendon,Bendon,"[{""id"":""1984790"",""manufacturer_style"":""9781505066388"",""vendor_name"":""Ingram Content Group""},{""id"":""1026915"",""manufacturer_style"":""42350-TG"",""vendor_name"":""BENDON PUBLISHING INT INC""},{""id"":""1258738"",""manufacturer_style"":""9781505066388"",""vendor_name"":""BAKER AND TAYLOR""}]",Books,Y,30,CN,3.29,31.93,159.65,2019-08-24 03:10:54.082,Paul Ramirez,510 Carol Landing Shoals,Jacquelinemouth,Kentucky,12585,US,2022-02-22 04:54:34.679,Andrews-Young,Todd Jones,amber99@example.net,626 Villanueva Spurs Apt. 695 Dale,North Sandra,Georgia,22241,US,2023-06-05 04:26:15.690,2023-06-04 21:26:15.690
